start_ts,duration_s,ticks,max_ev,mean_ev,p_band_mean,direction,tau_s_at_start,gap_bps
1787841630000,4.001,7,0.03790199999999988,0.02678497142857144,0.0,pmUP+okxDOWN,270.0,-1.0714016370908088
1787841639500,18.5,32,0.09818519999999997,0.037139193749999994,0.0,pmUP+okxDOWN,260.5,-3.0644885239543838
1787841660500,0.5,2,0.018841200000000113,0.013739700000000132,0.0,pmUP+okxDOWN,239.5,0.4662262011010251
1787841663501,2.999,7,0.0471838,0.026249657142857208,0.0,pmUP+okxDOWN,236.499,-0.61809049358147
1787841670500,4.5,9,0.03787920000000011,0.022298222222222306,0.0,pmUP+okxDOWN,229.5,5.213199815047654
1787841678500,0.0,1,0.007714200000000115,0.007714200000000115,0.0,pmUP+okxDOWN,221.5,6.420018991074375
1787841680001,1.0,3,0.027518199999999937,0.017473466666666566,0.0,pmUP+okxDOWN,219.999,6.802652225587775
1787841687500,0.5,2,0.007082999999999839,0.007062599999999919,0.0,pmUP+okxDOWN,212.5,5.401665543972482
1787841699001,3.499,8,0.01702680000000001,0.013272675000000012,0.0,pmUP+okxDOWN,200.999,4.879398693475405
1787841704500,0.5,2,0.0070198000000000205,0.0070198000000000205,0.0,pmUP+okxDOWN,195.5,4.80185729403205
1787841711500,1.5,4,0.0672102,0.04461434999999997,0.0,pmUP+okxDOWN,188.5,2.668590999805695
1787841716000,2.5,6,0.08844700000000005,0.0586679333333334,0.0,pmUP+okxDOWN,184.0,3.5860076562732224
1787841764500,1.0,2,0.01360719999999993,0.008904699999999877,0.0,pmUP+okxDOWN,135.5,20.249077571445323
1787841768000,0.0,1,0.0011670000000000291,0.0011670000000000291,0.0,pmUP+okxDOWN,132.0,22.737950782434368
1787841770000,3.0,7,0.029592000000000063,0.016044285714285796,0.0,pmUP+okxDOWN,130.0,22.477044702165784
1787841791500,0.0,1,0.010628000000000082,0.010628000000000082,0.0,pmUP+okxDOWN,108.5,16.851426541333485
1787842014000,1.0,3,0.010628000000000082,0.004320666666666713,0.0,okxUP+pmDOWN,186.0,-16.949910222383046
1787842021000,0.0,1,0.0011670000000000291,0.0011670000000000291,0.0,okxUP+pmDOWN,179.0,-17.09574235370774
1787842382515,0.0,1,0.0070421999999999985,0.0070421999999999985,0.0,pmUP+okxDOWN,117.485,-0.7486449967000127
1787842384500,0.0,1,0.017177200000000004,0.017177200000000004,0.0,pmUP+okxDOWN,115.5,0.7407497163676952
1787842393000,0.0,1,0.017177200000000004,0.017177200000000004,0.0,pmUP+okxDOWN,107.0,-0.43580923412838246
1787842431503,3.997,8,0.08694999999999997,0.04100082499999998,0.0,pmUP+okxDOWN,68.497,-0.5245171806431413
1787842459500,0.0,1,0.047882199999999875,0.047882199999999875,0.0,pmUP+okxDOWN,40.5,-0.9213092720501702
1787843130000,1.5,4,0.04216920000000002,0.03937124999999997,0.0,okxUP+pmDOWN,270.0,1.2474839394318757
1787843164000,0.0,1,0.003046199999999999,0.003046199999999999,0.0,okxUP+pmDOWN,236.0,20.667080684320872
1787843167000,3.0,7,0.031051200000000057,0.018302371428571464,0.0,okxUP+pmDOWN,233.0,18.192352781021008
1787843184001,3.0,5,0.03034200000000009,0.013061880000000059,0.0,okxUP+pmDOWN,215.999,17.206545539579988
1787843189501,2.999,7,0.001546200000000053,0.001546200000000053,0.0,okxUP+pmDOWN,210.499,15.698950408835081
1787843196001,6.5,12,0.012113200000000046,0.0059498500000000525,0.0,okxUP+pmDOWN,203.999,14.900587664738419
1787843206000,4.0,9,0.03034200000000009,0.013253777777777809,0.0,okxUP+pmDOWN,194.0,12.474793863296584
1787843220005,0.995,3,0.010658799999999968,0.003867466666666671,0.0,okxUP+pmDOWN,179.995,9.338967982990754
1787843223000,1.0,3,0.05856300000000003,0.05856300000000003,0.0,okxUP+pmDOWN,177.0,10.530501596782418
1787843227000,1.5,4,0.010658799999999968,0.005741300000000005,0.0,okxUP+pmDOWN,173.0,10.04935274149937
1787843231501,3.499,8,0.0980702,0.06801914999999999,0.0,okxUP+pmDOWN,168.499,10.040751210284178
1787843243500,9.5,19,0.06279420000000002,0.03344965263157893,0.0,okxUP+pmDOWN,156.5,13.681680431120185
1787843256502,6.498,14,0.1402542,0.09625037142857144,0.0,okxUP+pmDOWN,143.498,12.550151194435822
1787843264501,12.999,25,0.2724902,0.17767228799999998,0.0,okxUP+pmDOWN,135.499,8.274661520238029
1787843285001,1.999,5,0.17774079999999992,0.15967747999999996,0.0,okxUP+pmDOWN,114.99900000000001,-6.11804689627335
1787843289500,4.0,9,0.18774780000000002,0.16874626666666664,0.0,okxUP+pmDOWN,110.5,-5.577192312218452
1787843297000,2.5,6,0.20788779999999996,0.19614063333333331,0.0,okxUP+pmDOWN,103.0,-6.2062435543294034
1787843306000,3.0,6,0.1886542,0.17805619999999991,0.0,okxUP+pmDOWN,94.0,-5.831201653510661
1787843311500,4.0,9,0.14580479999999996,0.1118754888888889,0.0,okxUP+pmDOWN,88.5,-5.366707437431931
1787843319500,18.5,34,0.26118779999999997,0.18549131764705878,0.0,okxUP+pmDOWN,80.5,4.526703696325146
1787843341000,0.0,1,0.0471957999999999,0.0471957999999999,0.0,okxUP+pmDOWN,59.0,4.311602474869131
1787843910500,6.5,14,0.23855479999999996,0.11407069999999998,0.0,pmUP+okxDOWN,89.5,8.564678753433515
1787843920501,12.008000000000001,24,0.0962558,0.043343166666666634,0.0,pmUP+okxDOWN,79.499,9.581612136683988
1787843937500,5.5,11,0.16215579999999996,0.12162336363636364,0.0,pmUP+okxDOWN,62.5,3.741409922805737
1787843952000,0.0,1,0.0079878000000001,0.0079878000000001,0.0,pmUP+okxDOWN,48.0,5.762289834744305
1787843955000,1.0,3,0.1061397999999999,0.09958313333333328,0.0,pmUP+okxDOWN,45.0,3.6167252640188567
1787843957501,1.999,5,0.14552379999999998,0.11008347999999997,0.0,pmUP+okxDOWN,42.499,5.297732287842125
1787844674001,0.499,2,0.006148000000000042,0.006148000000000042,0.0,pmUP+okxDOWN,225.999,-11.250394050684198
1787844677592,1.408,4,0.016602999999999923,0.013989249999999953,0.0,pmUP+okxDOWN,222.40800000000002,-10.63576914823463
1787844686001,2.0,5,0.04161820000000005,0.037391400000000054,0.0,pmUP+okxDOWN,213.999,-14.220142523741961
1787844701001,1.499,3,0.06204300000000007,0.04187273333333341,0.0,pmUP+okxDOWN,198.999,-19.807429170566742
1787844705001,2.5,6,0.03328920000000002,0.02622586666666667,0.0,pmUP+okxDOWN,194.999,-17.583790092460315
1787844719500,4.5,9,0.04235979999999995,0.011358822222222238,0.0,pmUP+okxDOWN,180.5,-17.192755205027442
1787844733501,4.501,10,0.0062670000000000226,0.006183720000000026,0.0,pmUP+okxDOWN,166.499,-17.047442346718253
1787844740501,19.499,40,0.046343799999999935,0.01222273500000004,0.0,pmUP+okxDOWN,159.499,-19.975169453030215
1787844768001,5.0,9,0.04469500000000004,0.032785066666666696,0.0,pmUP+okxDOWN,131.999,-17.654088838412232
1787844778000,4.5,10,0.0062670000000000226,0.0062670000000000226,0.0,pmUP+okxDOWN,122.0,-14.557252401577848
1787844784013,4.487,10,0.02865027000000009,0.01474073420000004,0.0,pmUP+okxDOWN,115.98700000000001,-13.981294247239687
1787844792500,26.0,52,0.030599680000000018,0.010922884653846214,0.0,pmUP+okxDOWN,107.5,-14.893938261042118
1787844820025,0.0,1,0.02899855200000001,0.02899855200000001,0.0,pmUP+okxDOWN,79.97500000000001,-16.928748887449064
1787844823000,1.0,3,0.02659178800000006,0.024276572666666718,0.0,pmUP+okxDOWN,77.0,-16.5620203423562
1787845601000,0.0,1,0.01286799999999999,0.01286799999999999,0.0,pmUP+okxDOWN,199.0,-16.056479149561817
1787845620000,20.001,37,0.016071199999999952,0.008556654054054072,0.0,pmUP+okxDOWN,180.0,-15.63207020214694
1787845665000,5.501,12,0.027583000000000135,0.027583000000000135,0.0,pmUP+okxDOWN,135.0,-17.088112514839672
1787845860500,0.0,1,0.00840300000000005,0.00840300000000005,0.0,okxUP+pmDOWN,239.5,3.8037405262934914
1787845931000,3.012,5,0.04023119999999991,0.02144424000000005,0.0,okxUP+pmDOWN,169.0,5.566993247547223
1787845937000,0.5,2,0.0016732000000000413,0.0016732000000000413,0.0,okxUP+pmDOWN,163.0,3.996650995219024
1787845949500,0.0,1,0.009163799999999833,0.009163799999999833,0.0,okxUP+pmDOWN,150.5,4.7572854847487065
1787845970501,0.999,2,0.013370199999999999,0.00818469999999999,0.0,okxUP+pmDOWN,129.499,4.998059192698423
1787845995501,2.999,6,0.0462267999999999,0.03258019999999995,0.0,okxUP+pmDOWN,104.499,7.4097950842952365
1787846004500,0.5,2,0.052087799999999906,0.026300299999999943,0.0,okxUP+pmDOWN,95.5,3.5804050200595445
1787846007500,2.0,5,0.011182200000000031,0.007216520000000037,0.0,okxUP+pmDOWN,92.5,3.2807842234182356
1787846019500,1.5010000000000001,3,0.022345199999999954,0.012448866666666633,0.0,okxUP+pmDOWN,80.5,3.1136262740212244
1787846027000,1.012,3,0.04355280000000006,0.02972013333333338,0.0,okxUP+pmDOWN,73.0,3.1470807503977336
1787846037000,1.0,3,0.05146200000000012,0.044417333333333454,0.0,okxUP+pmDOWN,63.0,3.2762313808395516
1787846043000,1.0,3,0.025879799999999897,0.015247466666666617,0.0,okxUP+pmDOWN,57.0,4.691697802375939
1787846046000,3.0,7,0.037387199999999954,0.03586362857142854,0.0,okxUP+pmDOWN,54.0,4.624007631400852
1787846053500,0.501,2,0.016071199999999952,0.016071199999999952,0.0,okxUP+pmDOWN,46.5,3.2657326910482443
1787846066500,2.501,6,0.0177832,0.0177832,0.0,okxUP+pmDOWN,33.5,2.60002032864837
1787846179500,0.0,1,0.01710719999999999,0.01710719999999999,0.0,okxUP+pmDOWN,220.5,-4.168414696422957
1787846184000,8.0,13,0.08726620000000007,0.019441523076923074,0.0,okxUP+pmDOWN,216.0,-2.435218177214888
1787846202500,0.0,1,0.018131200000000014,0.018131200000000014,0.0,okxUP+pmDOWN,197.5,-5.420464691586406
1787846220501,0.0,1,0.02781980000000006,0.02781980000000006,0.0,okxUP+pmDOWN,179.499,-5.4982732493077755
1787846228000,0.5,2,0.027254199999999895,0.017184199999999927,0.0,okxUP+pmDOWN,172.0,-3.0261554899487515
1787846231000,0.5,2,0.007807800000000031,0.007807800000000031,0.0,okxUP+pmDOWN,169.0,-1.937429320945675
1787846235001,0.499,2,0.013370199999999999,0.00818469999999999,0.0,okxUP+pmDOWN,164.999,-1.1755275082587833
1787846240000,0.0,1,0.0124398,0.0124398,0.0,okxUP+pmDOWN,160.0,3.3003302440870588
1787846258019,0.0,1,0.03029499999999985,0.03029499999999985,0.0,okxUP+pmDOWN,141.981,0.18220802835302866
1787846292500,1.0,3,0.040581999999999896,0.033723999999999865,0.0,okxUP+pmDOWN,107.5,-0.5180924397686916
1787846305000,4.014,9,0.08737819999999996,0.06832351111111108,0.0,okxUP+pmDOWN,95.0,-2.020772442083473
1787846323500,12.001,22,0.10760219999999998,0.048724100000000006,0.0,okxUP+pmDOWN,76.5,-4.23463287787196
1787846345500,0.0,1,0.07495419999999997,0.07495419999999997,0.0,okxUP+pmDOWN,54.5,-2.272801040500354
1787847545002,0.0,1,0.004619800000000063,0.004619800000000063,0.0,okxUP+pmDOWN,54.998000000000005,-3.9526242599668775
1787847553500,0.0,1,0.03883580000000009,0.03883580000000009,0.0,okxUP+pmDOWN,46.5,-6.963318796726361
1787847721000,1.0,2,0.0029991999999999797,0.0017559999999999798,0.0,okxUP+pmDOWN,179.0,6.412677675629543
1787847730000,0.0,1,0.018841200000000113,0.018841200000000113,0.0,okxUP+pmDOWN,170.0,5.621030988405028
1787847745500,0.0,1,0.012895800000000013,0.012895800000000013,0.0,okxUP+pmDOWN,154.5,4.935432819953774
1787847770001,0.0,1,0.09758680000000008,0.09758680000000008,0.0,okxUP+pmDOWN,129.999,2.176999912762591
1787847931500,0.0,1,0.02832380000000001,0.02832380000000001,0.0,okxUP+pmDOWN,268.5,1.966426794343433
1787847947500,0.0,1,0.0008812000000000264,0.0008812000000000264,0.0,okxUP+pmDOWN,252.5,4.003145807191466
1787847954000,4.0,9,0.12743019999999994,0.057150866666666626,0.0,okxUP+pmDOWN,246.0,4.2730436156160145
1787847960000,3.5,7,0.07716880000000004,0.05576985714285713,0.0,okxUP+pmDOWN,240.0,0.8450231271474197
1787847973001,4.499,7,0.04708620000000008,0.0228117142857143,0.0,okxUP+pmDOWN,226.999,2.0938635175347886
1787847981500,1.0,3,0.017036799999999963,0.017036799999999963,0.0,okxUP+pmDOWN,218.5,-0.5816108581111623
1787847984500,3.001,7,0.04728299999999985,0.020052857142857126,0.0,okxUP+pmDOWN,215.5,-1.0280215801127082
1787847994500,0.0,1,0.007430199999999942,0.007430199999999942,0.0,okxUP+pmDOWN,205.5,-3.1520391587850765
1787847997000,2.501,6,0.0272038,0.013828666666666637,0.0,okxUP+pmDOWN,203.0,-3.380376394088415
1787848007500,5.5,11,0.03708279999999997,0.023453254545454518,0.0,okxUP+pmDOWN,192.5,-2.5838165671732747
1787848038500,4.0,7,0.07376700000000014,0.03065540000000003,0.0,okxUP+pmDOWN,161.5,5.807502918782482
1787848045501,0.0,1,0.006737199999999888,0.006737199999999888,0.0,okxUP+pmDOWN,154.499,4.238971617549184
1787848048001,0.499,2,0.00734480000000004,0.00734480000000004,0.0,okxUP+pmDOWN,151.999,5.046912140498165
1787848051001,56.999,110,0.19302780000000008,0.08252927272727272,0.0,okxUP+pmDOWN,148.999,5.712419078932927
1787848110500,1.5,4,0.18832379999999993,0.18070304999999992,0.0,okxUP+pmDOWN,89.5,1.0867486446779868
1787848131000,5.0,11,0.1877742000000001,0.17035872727272736,0.0,okxUP+pmDOWN,69.0,-1.7131330925907027
1787848138000,8.0,15,0.27049579999999995,0.22316102666666668,0.0,okxUP+pmDOWN,62.0,-1.7261806203451993
1787848149502,1.998,4,0.2905198000000001,0.2316118000000001,0.0,okxUP+pmDOWN,50.498,0.2749674451602823
1787848156500,5.0,9,0.2113838,0.14750591111111108,0.0,okxUP+pmDOWN,43.5,-2.8332823470125845
1787848804000,2.5,6,0.590188638,0.505242919,0.0,okxUP+pmDOWN,296.0,0.035432562108985974
1787848830000,2.501,6,0.1116917999999999,0.09115013333333331,0.0,okxUP+pmDOWN,270.0,1.921695045907648
1787848837512,0.988,3,0.08368120000000012,0.08021486666666677,0.0,okxUP+pmDOWN,262.488,3.084122434367857
1787848862501,7.4990000000000006,14,0.14946720000000002,0.07650277142857144,0.0,okxUP+pmDOWN,237.499,9.00231333026118
1787848873500,3.001,6,0.07340320000000011,0.029173566666666744,0.0,okxUP+pmDOWN,226.5,12.594352772887982
1787848879001,0.0,1,0.005434199999999945,0.005434199999999945,0.0,okxUP+pmDOWN,220.999,14.897477668017883
1787848884001,1.499,3,0.05533199999999994,0.0389681999999999,0.0,okxUP+pmDOWN,215.999,16.854254986840072
1787848887001,10.999,19,0.14315499999999992,0.06027509473684211,0.0,okxUP+pmDOWN,212.999,16.468608925292347
1787848900501,3.499,7,0.14095179999999996,0.11079791428571427,0.0,okxUP+pmDOWN,199.499,13.747934798597825
1787848909005,1.495,4,0.09387000000000001,0.08137264999999999,0.0,okxUP+pmDOWN,190.995,14.037605886577545
1787848915000,4.5,8,0.12342779999999998,0.09265052499999997,0.0,okxUP+pmDOWN,185.0,15.46437245725341
1787848921501,2.5,6,0.10294780000000003,0.05566656666666666,0.0,okxUP+pmDOWN,178.499,15.631575784489389
1787848928500,28.5,53,0.12420779999999998,0.07006254245283018,0.0,okxUP+pmDOWN,171.5,14.858367224874124
1787848962000,8.5,18,0.15457719999999997,0.10368652222222224,0.0,okxUP+pmDOWN,138.0,13.22522636161342
1787848988500,26.0,53,0.19485279999999994,0.0949221012075472,0.0,okxUP+pmDOWN,111.5,11.479818508584792
1787849021000,7.5,13,0.054480320000000027,0.02515300800000001,0.0,okxUP+pmDOWN,79.0,12.52599656611936
1787849148001,0.0,1,0.0090077999999999,0.0090077999999999,0.0,okxUP+pmDOWN,251.999,-4.945359366393074
1787849174500,1.5,2,0.009287800000000068,0.009287800000000068,0.0,okxUP+pmDOWN,225.5,-4.952399689213293
1787849473000,0.0,1,0.008186200000000032,0.008186200000000032,0.0,okxUP+pmDOWN,227.0,2.5194805945058487
1787849475000,0.0,1,0.03773519999999986,0.03773519999999986,0.0,okxUP+pmDOWN,225.0,2.3030145072278323
1787849514000,0.0,1,0.010435799999999884,0.010435799999999884,0.0,okxUP+pmDOWN,186.0,3.688643195861948
1787849528500,0.5,2,0.017260799999999965,0.017260799999999965,0.0,okxUP+pmDOWN,171.5,2.6888488404034803
1787849553500,2.501,4,0.0124398,0.004060950000000035,0.0,okxUP+pmDOWN,146.5,3.60449960798566
1787849559001,0.0,1,0.02110079999999992,0.02110079999999992,0.0,okxUP+pmDOWN,140.999,3.4209909857820264
1787849563500,1.5,3,0.020363199999999915,0.013869199999999951,0.0,okxUP+pmDOWN,136.5,2.7030029261608073
1787849589501,0.0,1,0.003823799999999822,0.003823799999999822,0.0,okxUP+pmDOWN,110.499,6.121511400758266
1787853934000,0.0,1,0.0474502,0.0474502,0.0,okxUP+pmDOWN,266.0,2.417025951146224
1787854251000,0.5,2,0.015695799999999926,0.015695799999999926,0.0,okxUP+pmDOWN,249.0,-8.438016341411759
1787854320012,0.488,2,0.03288219999999997,0.02805369999999996,0.0,okxUP+pmDOWN,179.988,-5.797605985422836
1787854327000,0.0,1,0.02763480000000007,0.02763480000000007,0.0,okxUP+pmDOWN,173.0,-7.241195955571359
1787854533009,0.0,1,0.0050248000000000514,0.0050248000000000514,0.0,okxUP+pmDOWN,266.991,8.237382976677665
1787854549500,7.5,13,0.11550300000000002,0.056347076923076896,0.0,okxUP+pmDOWN,250.5,12.597446949929205
1787854564501,27.5,48,0.19302780000000008,0.0693731458333333,0.0,okxUP+pmDOWN,235.499,11.960228455250425
1787854606502,0.498,2,0.019671999999999912,0.01462909999999995,0.0,okxUP+pmDOWN,193.498,-7.4289536282784345
1787854614502,0.0,1,0.030431799999999898,0.030431799999999898,0.0,okxUP+pmDOWN,185.498,-6.940551297614113
1787854624500,0.5,2,0.026421999999999946,0.016869999999999996,0.0,okxUP+pmDOWN,175.5,-10.67939944639564
1787855046500,0.0,1,0.009163799999999833,0.009163799999999833,0.0,okxUP+pmDOWN,53.5,1.4726779217169936
1787855461000,0.5,2,0.018592000000000053,0.018592000000000053,0.0,okxUP+pmDOWN,239.0,2.8524401662899184
1787855465001,0.0,1,0.0070630000000000415,0.0070630000000000415,0.0,okxUP+pmDOWN,234.999,4.081362954396168
1787855492500,0.0,1,0.00798779999999999,0.00798779999999999,0.0,okxUP+pmDOWN,207.5,4.490867351503816
1787855502500,0.0,1,0.04709819999999998,0.04709819999999998,0.0,okxUP+pmDOWN,197.5,2.4400814541455516
1787855555000,0.0,1,0.021912000000000043,0.021912000000000043,0.0,okxUP+pmDOWN,145.0,5.167356259580128
1787855736500,0.5,2,0.003477999999999981,0.0027873999999999954,0.0,okxUP+pmDOWN,263.5,6.288950726238941
1787855742500,17.0,35,0.0980702,0.0418055142857142,0.0,okxUP+pmDOWN,257.5,5.446867344326541
1787855769500,0.0,1,0.03818619999999995,0.03818619999999995,0.0,okxUP+pmDOWN,230.5,10.26678195927427
1787855833500,1.0,3,0.0062670000000000226,0.0062670000000000226,0.0,okxUP+pmDOWN,166.5,12.026891084900276
1787855851000,7.5,16,0.0169180000000001,0.016252312500000095,0.0,okxUP+pmDOWN,149.0,13.288870740428399
1787855866000,3.5,8,0.027583000000000024,0.026249875000000034,0.0,okxUP+pmDOWN,134.0,12.508248432441857
1787855885522,0.0,1,0.00015464799999997947,0.00015464799999997947,0.0,okxUP+pmDOWN,114.47800000000001,13.799747127212788
1787856026000,14.5,30,0.028795000000000126,0.019952866666666732,0.0,okxUP+pmDOWN,274.0,0.5903350503639405
1787856042500,0.0,1,0.007271799999999939,0.007271799999999939,0.0,okxUP+pmDOWN,257.5,1.3083955123897677
1787856055501,5.4990000000000006,11,0.02832380000000001,0.013603109090909095,0.0,okxUP+pmDOWN,244.499,0.3188799357973491
1787856909000,8.501,17,0.0471838,0.03298709411764708,0.0,okxUP+pmDOWN,291.0,-0.4933813798624145
1787857240001,0.499,2,0.029339800000000027,0.019115800000000016,0.0,okxUP+pmDOWN,259.999,2.092541389259756
1787857265500,1.0,3,0.03875320000000004,0.03875320000000004,0.0,okxUP+pmDOWN,234.5,1.2779032368089833
1787857268001,2.501,5,0.04847980000000007,0.028292360000000037,0.0,okxUP+pmDOWN,231.999,1.2304343321156086
1787857293500,2.0,5,0.03875320000000004,0.02277552000000005,0.0,okxUP+pmDOWN,206.5,1.5497022249879304
1787857297500,0.5,2,0.009163799999999833,0.009163799999999833,0.0,okxUP+pmDOWN,202.5,0.8719213284777076
1787857303000,5.5,10,0.11786680000000005,0.03559118,0.0,okxUP+pmDOWN,197.0,0.9063211332092732
1787857317500,5.5,10,0.027290200000000042,0.011320719999999984,0.0,okxUP+pmDOWN,182.5,-3.432609045266381
1787857326000,2.501,6,0.05732919999999997,0.030771266666666557,0.0,okxUP+pmDOWN,174.0,-2.8286988232146366
1787857332500,0.0,1,0.017779199999999884,0.017779199999999884,0.0,okxUP+pmDOWN,167.5,-1.6198409212180243
1787857354500,5.5,9,0.09859479999999998,0.04312357777777777,0.0,okxUP+pmDOWN,145.5,-2.726651253763718
1787857365000,20.5,35,0.1476358000000001,0.037568199999999934,0.0,okxUP+pmDOWN,135.0,-0.4740846543711581
1787857388001,5.4990000000000006,11,0.12737980000000004,0.044007145454545406,0.0,okxUP+pmDOWN,111.99900000000001,-2.0478324990479497
1787857396000,2.001,5,0.03773519999999986,0.03185515999999997,0.0,okxUP+pmDOWN,104.0,-2.288184801142645
1787857400000,9.5,19,0.1283742,0.07370897894736841,0.0,okxUP+pmDOWN,100.0,-1.5862159666872595
1787857426000,2.5,6,0.016071199999999952,0.009535066666666666,0.0,okxUP+pmDOWN,74.0,3.179312336264091
1787857433000,1.0,3,0.07664799999999994,0.07309299999999996,0.0,okxUP+pmDOWN,67.0,4.710836002415257
1787858300500,0.0,1,0.15917080000000006,0.15917080000000006,0.0,okxUP+pmDOWN,99.5,-0.17604054457276536
1787858330500,1.0,3,0.19394699999999998,0.11131500000000001,0.0,okxUP+pmDOWN,69.5,1.2532903990623192
1787859030500,4.5,9,0.03901200000000005,0.024549488888888898,0.0,okxUP+pmDOWN,269.5,-0.2078518672315575
1787859036501,3.0,7,0.010799800000000026,0.0033649714285714266,0.0,okxUP+pmDOWN,263.499,1.2307039048927062
1787859042500,0.501,2,0.0008812000000000264,0.0008812000000000264,0.0,okxUP+pmDOWN,257.5,1.67638156200156
1787859045500,21.501,41,0.1679877999999999,0.04259506341463416,0.0,okxUP+pmDOWN,254.5,2.485623118210701
1787859075500,2.0,4,0.06735180000000007,0.032727700000000026,0.0,okxUP+pmDOWN,224.5,-1.9668925191837234
1787859089001,13.499,25,0.2584128,0.12430513600000001,0.0,okxUP+pmDOWN,210.999,1.4500829961851418
1787859122254,0.746,3,0.11837200000000003,0.11158400000000006,0.0,okxUP+pmDOWN,177.746,-1.4761983981650664
1787859149501,2.999,6,0.05499419999999999,0.04962033333333334,0.0,okxUP+pmDOWN,150.499,0.9059835458368339
1787859159500,0.5,2,0.04311980000000004,0.02347179999999993,0.0,okxUP+pmDOWN,140.5,5.4024723559432735
1787859163500,6.001,13,0.12654520000000002,0.05269980000000007,0.0,okxUP+pmDOWN,136.5,5.045395438824288
1787859173000,5.5,12,0.1160622,0.06702405,0.0,okxUP+pmDOWN,127.0,3.193123793420644
1787859181500,6.0,13,0.49191419999999997,0.28674390769230773,0.0,okxUP+pmDOWN,118.5,0.41793332549626633
1787859190500,1.0,3,0.08891179999999999,0.05947879999999998,0.0,okxUP+pmDOWN,109.5,-4.990751654058339
1787859196000,2.001,5,0.18954700000000002,0.15791572000000004,0.0,okxUP+pmDOWN,104.0,-4.108808065100623
1787859201500,4.0,9,0.10388319999999995,0.06269179999999998,0.0,okxUP+pmDOWN,98.5,-5.188644156661922
1787859218500,2.5,5,0.011763000000000079,0.004015000000000124,0.0,okxUP+pmDOWN,81.5,-5.28321001240012
1787859227502,1.0110000000000001,3,0.09733119999999995,0.08390919999999998,0.0,okxUP+pmDOWN,72.498,-4.966256757616465
1787859231000,2.023,5,0.11880079999999982,0.07517159999999996,0.0,okxUP+pmDOWN,69.0,-2.880111751798276
1787859235000,1.5,4,0.07250220000000007,0.043510200000000054,0.0,okxUP+pmDOWN,65.0,-1.5543584161095794
1787859239000,0.0,1,0.07342779999999993,0.07342779999999993,0.0,okxUP+pmDOWN,61.0,-4.675055027544848
1787859249003,0.0,1,0.007943200000000039,0.007943200000000039,0.0,okxUP+pmDOWN,50.997,-5.260183245615888
1787860029501,3.999,9,0.06714220000000004,0.06045220000000003,0.0,okxUP+pmDOWN,170.499,-0.9070639607236335
1787860047000,1.5,4,0.017353199999999958,0.017353199999999958,0.0,okxUP+pmDOWN,153.0,1.1508556669933554
1787860070002,3.998,9,0.037241199999999974,0.03613553333333332,0.0,okxUP+pmDOWN,129.998,-0.3222290806354862
1787860109000,2.5,6,0.221032,0.10851200000000004,0.0,okxUP+pmDOWN,91.0,0.30613203965005575
1787860425000,0.5,2,0.06435179999999996,0.06435179999999996,0.0,okxUP+pmDOWN,75.0,4.0473110013136315
1787860457500,1.0,3,0.12582300000000002,0.10809466666666671,0.0,okxUP+pmDOWN,42.5,3.414026409775805
1787860531000,40.0,76,0.11769879999999999,0.03347806578947365,0.0,okxUP+pmDOWN,269.0,-4.89149718164317
1787860578500,10.516,20,0.1397328,0.04886119999999998,0.0,okxUP+pmDOWN,221.5,-3.164007996484388
1787860592000,8.501,16,0.04906299999999997,0.03463599999999997,0.0,okxUP+pmDOWN,208.0,-5.88362849182814
1787860627500,0.5,2,0.005552799999999913,0.005552799999999913,0.0,okxUP+pmDOWN,172.5,-7.427621460324444
1787860648000,0.0,1,0.018751800000000096,0.018751800000000096,0.0,okxUP+pmDOWN,152.0,-7.712951917667955
1787860662000,0.0,1,0.009248800000000057,0.009248800000000057,0.0,okxUP+pmDOWN,138.0,-7.881123055210781
1787861160030,2.971,6,0.1296872,0.07824453333333332,0.0,okxUP+pmDOWN,239.97,14.459393044001553
1787861175001,8.5,18,0.0169180000000001,0.012775944444444513,0.0,okxUP+pmDOWN,224.999,14.40048809874946
1787861430000,2.0,4,0.0682181999999999,0.05295959999999991,0.0,okxUP+pmDOWN,270.0,-0.34996185090416926
1787861433501,0.0,1,0.007502999999999926,0.007502999999999926,0.0,okxUP+pmDOWN,266.499,-1.319971703121076
1787861438500,6.537,13,0.14770780000000006,0.10912189230769234,0.0,okxUP+pmDOWN,261.5,-3.2129972563114473
1787861454500,6.0,12,0.027518199999999937,0.020512500000000006,0.0,okxUP+pmDOWN,245.5,-3.7683034489302196
1787861464000,10.0,21,0.03744119999999995,0.026743942857142818,0.0,okxUP+pmDOWN,236.0,-4.124985688800301
1787861496526,0.0,1,0.00850300000000015,0.00850300000000015,0.0,okxUP+pmDOWN,203.47400000000002,-5.189316269237986
1787861499501,0.499,2,0.0072197999999999984,0.0072197999999999984,0.0,okxUP+pmDOWN,200.499,-4.736457788340373
1787861502500,14.506,28,0.01760919999999999,0.010723178571428571,0.0,okxUP+pmDOWN,197.5,-3.8800943391384233
1787861523168,0.0,1,0.02275680000000002,0.02275680000000002,0.0,okxUP+pmDOWN,176.832,-4.957685410024243
1787861525501,0.0,1,0.034355799999999936,0.034355799999999936,0.0,okxUP+pmDOWN,174.499,-5.5205596440170055
1787861529501,2.0,5,0.02916620000000003,0.027041760000000026,0.0,okxUP+pmDOWN,170.499,-6.493136461486571
1787861535000,19.501,39,0.0477742000000001,0.022567651282051324,0.0,okxUP+pmDOWN,165.0,-4.883997576067653
1787861564000,17.5,34,0.0575467999999999,0.041789023529411766,0.0,okxUP+pmDOWN,136.0,-5.055218726927738
1787861583551,0.9500000000000001,3,0.13918719999999996,0.0739205333333333,0.0,okxUP+pmDOWN,116.449,-3.974228559413807
1787861587500,5.001,9,0.11796919999999989,0.09231451111111107,0.0,okxUP+pmDOWN,112.5,-4.019759267209529
1787861598500,14.005,29,0.12840780000000007,0.05323071724137934,0.0,okxUP+pmDOWN,101.5,-3.748864913855056
1787861759500,1.5,4,0.027047799999999955,0.012026800000000004,0.0,okxUP+pmDOWN,240.5,-0.1937893410744267
1787861763500,5.0,10,0.10771980000000003,0.05122560000000002,0.0,okxUP+pmDOWN,236.5,1.2528895563633922
1787861939500,0.0,1,0.04469499999999993,0.04469499999999993,0.0,okxUP+pmDOWN,60.5,3.4821062939302276
1787861943501,1.499,4,0.0071182000000000745,0.0071182000000000745,0.0,okxUP+pmDOWN,56.499,5.074025264235865
1787861948500,2.5,6,0.0177832,0.014228200000000024,0.0,okxUP+pmDOWN,51.5,4.570866151202265
1787861954000,1.5010000000000001,4,0.07189120000000004,0.042366400000000026,0.0,okxUP+pmDOWN,46.0,3.731276186043925
1787862030500,3.5,8,0.07376700000000014,0.05961337500000004,0.0,okxUP+pmDOWN,269.5,3.3441528563193903
1787862039002,12.499,25,0.0852328,0.06402067200000001,0.0,okxUP+pmDOWN,260.998,3.3151323294040065
1787862055000,16.5,34,0.06976119999999997,0.03448587647058826,0.0,okxUP+pmDOWN,245.0,4.370152127944786
1787862079501,8.999,19,0.10146219999999995,0.06923304210526314,0.0,okxUP+pmDOWN,220.499,5.207340469713392
1787862177000,2.001,5,0.027583000000000024,0.027583000000000024,0.0,okxUP+pmDOWN,123.0,10.058024990371864
1787862197500,1.002,3,0.08647419999999995,0.07992339999999994,0.0,okxUP+pmDOWN,102.5,7.275581894828004
1787862202000,0.0,1,0.00015464799999997947,0.00015464799999997947,0.0,okxUP+pmDOWN,98.0,5.206644253463946
1787862376001,1.0230000000000001,3,0.04813020000000001,0.020752066666666697,0.0,okxUP+pmDOWN,223.999,0.04122247028163519
1787862494000,0.0,1,0.007430199999999942,0.007430199999999942,0.0,okxUP+pmDOWN,106.0,-0.8620789220221023
1787863035000,1.0,2,0.007502999999999926,0.007502999999999926,0.0,okxUP+pmDOWN,165.0,-0.9602359510579375
1787863105500,0.0,1,0.011583000000000121,0.011583000000000121,0.0,okxUP+pmDOWN,94.5,1.4033447407389574
1787863150000,1.0,2,0.017065200000000003,0.012047699999999995,0.0,okxUP+pmDOWN,50.0,1.090232670748748
1787863372501,0.0,1,0.009959200000000057,0.009959200000000057,0.0,okxUP+pmDOWN,127.49900000000001,6.065209712298156
1787863418001,2.499,5,0.0592222,0.038214800000000014,0.0,okxUP+pmDOWN,81.999,5.241782208603533
1787863449001,0.499,2,0.002112671999999982,0.002112671999999982,0.0,okxUP+pmDOWN,50.999,3.25477690507993
1787863675001,0.0,1,0.0684269999999999,0.0684269999999999,0.0,okxUP+pmDOWN,124.99900000000001,0.5426328379346217
1787863830001,0.5,2,0.05051819999999996,0.03510869999999994,0.0,okxUP+pmDOWN,269.999,1.9172321061585686
1787863867501,0.0,1,0.006148000000000042,0.006148000000000042,0.0,okxUP+pmDOWN,232.499,1.0746719606885882
1787863914500,0.5,2,0.032255000000000034,0.01676150000000004,0.0,okxUP+pmDOWN,185.5,1.87060158119191
1787863919000,3.035,6,0.0016732000000000413,0.0016732000000000413,0.0,okxUP+pmDOWN,181.0,1.2836998051349244
1787863926000,1.0,3,0.011182200000000031,0.004443800000000035,0.0,okxUP+pmDOWN,174.0,1.3161380484225083
1787863935500,4.5,8,0.042612000000000094,0.006152800000000028,0.0,okxUP+pmDOWN,164.5,1.3456689936007298
1787863942000,2.0,5,0.02279680000000006,0.018572080000000057,0.0,okxUP+pmDOWN,158.0,1.077708223370721
1787863953500,4.5,7,0.09813720000000015,0.04994217142857148,0.0,okxUP+pmDOWN,146.5,0.9521782257092385
1787863976500,49.001,96,0.25894680000000003,0.08763865833333338,0.0,okxUP+pmDOWN,123.5,-2.21701831636209
1787864027501,4.499,10,0.05801120000000004,0.038106479999999984,0.0,okxUP+pmDOWN,72.499,-0.8345624154555247
1787864036500,1.5,4,0.031991800000000015,0.029683050000000016,0.0,okxUP+pmDOWN,63.5,-1.993258248675788
1787864040013,4.487,9,0.04255320000000007,0.025650977777777743,0.0,okxUP+pmDOWN,59.987,-1.9315732933343939
1787864048000,1.0,3,0.09160080000000004,0.08102446666666674,0.0,okxUP+pmDOWN,52.0,-1.953531732278442
1787864061000,1.5010000000000001,4,0.252692,0.23606490000000005,0.0,okxUP+pmDOWN,39.0,0.18234469915881632
1787864298500,0.0,1,0.00015464799999997947,0.00015464799999997947,0.0,okxUP+pmDOWN,101.5,9.760919450624343
1787864435000,1.5,4,0.007714200000000004,0.007714200000000004,0.0,okxUP+pmDOWN,265.0,-3.9964288521113267
1787864441003,0.0,1,0.007714200000000004,0.007714200000000004,0.0,okxUP+pmDOWN,258.997,-2.7831138776460964
1787864448501,1.999,5,0.010963799999999968,0.00692419999999998,0.0,okxUP+pmDOWN,251.499,-5.259229332653832
1787864480000,3.501,8,0.006122799999999873,0.006122799999999873,0.0,okxUP+pmDOWN,220.0,-6.1662721414485135
1787864485501,0.499,2,0.0004542000000000712,0.0004542000000000712,0.0,okxUP+pmDOWN,214.499,-7.1171308454039295
1787864521042,0.0,1,0.02230680000000007,0.02230680000000007,0.0,okxUP+pmDOWN,178.958,-7.1271566472270536
1787864617001,0.0,1,0.0012507999999999964,0.0012507999999999964,0.0,okxUP+pmDOWN,82.999,-3.6145750058731565
1787864641502,2.998,6,0.08917180000000002,0.08425929999999998,0.0,okxUP+pmDOWN,58.498000000000005,-3.9121858844283404
1787864655500,0.0,1,0.04673879999999986,0.04673879999999986,0.0,okxUP+pmDOWN,44.5,-2.36919913914275
1787865094501,0.515,2,0.18072279999999996,0.09904279999999999,0.0,okxUP+pmDOWN,205.499,-0.3394083713338283
1787865132022,3.479,8,0.0169180000000001,0.011592500000000061,0.0,okxUP+pmDOWN,167.978,9.35714071025784
1787865165000,20.0,40,0.027583000000000024,0.01421870740000005,0.0,okxUP+pmDOWN,135.0,7.763952979679768
1787865187000,0.0,1,0.025879799999999897,0.025879799999999897,0.0,okxUP+pmDOWN,113.0,9.355362396745496
1787865190000,0.0,1,0.016071199999999952,0.016071199999999952,0.0,okxUP+pmDOWN,110.0,8.16415570532597
1787865191501,0.0,1,0.0071182000000000745,0.0071182000000000745,0.0,okxUP+pmDOWN,108.499,8.138132082181396
1787865193500,4.5,10,0.00015464799999997947,0.00015464799999997947,0.0,okxUP+pmDOWN,106.5,8.086680781155108
1787865242501,10.999,22,0.07263800000000009,0.034649318181818205,0.0,okxUP+pmDOWN,57.499,2.5759870265242046
1787865713500,0.0,1,0.17767,0.17767,0.0,okxUP+pmDOWN,186.5,-2.685834358024292
1787865746501,0.0,1,0.0062670000000000226,0.0062670000000000226,0.0,okxUP+pmDOWN,153.499,11.096563854059186
1787865749000,5.0,10,0.0062670000000000226,0.0062670000000000226,0.0,okxUP+pmDOWN,151.0,12.174119119953232
1787865766500,16.0,33,0.036530799999999974,0.029129424242424245,0.0,okxUP+pmDOWN,133.5,11.045575869099023
1787865998002,0.0,1,0.0071837999999999624,0.0071837999999999624,0.0,okxUP+pmDOWN,201.998,-0.9411372524232912
1787866034500,0.0,1,0.029639799999999883,0.029639799999999883,0.0,okxUP+pmDOWN,165.5,0.9517390044085954
1787866604501,0.0,1,0.04927320000000002,0.04927320000000002,0.0,okxUP+pmDOWN,195.499,-2.6620260207913753
1787866874000,0.0,1,0.007563000000000097,0.007563000000000097,0.0,okxUP+pmDOWN,226.0,-1.3014514875348433
1787866888000,0.0,1,0.03826319999999994,0.03826319999999994,0.0,okxUP+pmDOWN,212.0,-1.3764712385830682
1787866896000,2.5,5,0.017938800000000032,0.008743199999999974,0.0,okxUP+pmDOWN,204.0,-2.316449753427139
1787866966000,0.5,2,0.08406999999999998,0.0792485,0.0,okxUP+pmDOWN,134.0,-2.8884885878083053
1787867146500,1.5,3,0.0279261999999999,0.0144062,0.0,okxUP+pmDOWN,253.5,0.4239723584105756
1787867154500,4.0,9,0.01795480000000005,0.01789626666666666,0.0,okxUP+pmDOWN,245.5,0.2699904531033474
1787867162001,3.5,8,0.04847980000000007,0.038297800000000104,0.0,okxUP+pmDOWN,237.999,0.15477328873812574
1787867207001,15.0,31,0.039584799999999976,0.03060582580645158,0.0,okxUP+pmDOWN,192.999,1.6535046136013523
1787867229500,0.0,1,0.006148000000000042,0.006148000000000042,0.0,okxUP+pmDOWN,170.5,0.655687900311624
1787867242000,11.001,22,0.05372880000000013,0.02298829090909097,0.0,okxUP+pmDOWN,158.0,2.8475029486638808
1787867283500,1.0010000000000001,3,0.01364120000000002,0.006577866666666672,0.0,okxUP+pmDOWN,116.5,6.0023423052378195
1787867296500,0.0,1,0.00015464799999997947,0.00015464799999997947,0.0,okxUP+pmDOWN,103.5,6.9156552806408085
1787867491501,2.499,6,0.017353199999999958,0.010661599999999974,0.0,okxUP+pmDOWN,208.499,-3.0997112049592057
1787867496500,0.5,2,0.007430199999999942,0.007430199999999942,0.0,okxUP+pmDOWN,203.5,-3.232479315569018
1787867518500,0.0,1,0.017035200000000028,0.017035200000000028,0.0,okxUP+pmDOWN,181.5,-3.3708300091411476
1787867532000,4.0,9,0.08720380000000005,0.06825773333333336,0.0,okxUP+pmDOWN,168.0,-3.3705470080633853
1787867539000,9.5,20,0.05718520000000005,0.04015096000000003,0.0,okxUP+pmDOWN,161.0,-3.1940598984304525
1787867573500,0.0,1,0.01219020000000004,0.01219020000000004,0.0,okxUP+pmDOWN,126.5,-3.0290505770382605
1787867601001,1.999,4,0.09832800000000008,0.047807600000000006,0.0,okxUP+pmDOWN,98.999,-5.10728089930123
1787867607500,4.5,10,0.16765980000000003,0.03782219999999999,0.0,okxUP+pmDOWN,92.5,-3.7894554458633274
1787867629000,4.5,9,0.22849979999999992,0.03123326666666663,0.0,okxUP+pmDOWN,71.0,-1.2478674185098673
1787867636500,4.501,10,0.05573819999999996,0.02417109999999999,0.0,okxUP+pmDOWN,63.5,-2.8232474909440177
1787867643502,0.999,3,0.3401628,0.1522081333333333,0.0,okxUP+pmDOWN,56.498000000000005,-4.019506581839575
1787867646500,2.5,6,0.08146319999999996,0.039140633333333265,0.0,okxUP+pmDOWN,53.5,-2.2685030941961335
1787867668500,2.001,5,0.14141879999999996,0.13556859999999996,0.0,okxUP+pmDOWN,31.5,-2.717422759735344
1787867740000,0.5,2,0.00016279999999990746,0.00016279999999990746,0.0,okxUP+pmDOWN,260.0,-0.06041303925119621
1787867786500,1.0,3,0.010435799999999884,0.010435799999999884,0.0,okxUP+pmDOWN,213.5,2.0076994948701277
1787867799000,2.0,5,0.023755199999999976,0.007345599999999975,0.0,okxUP+pmDOWN,201.0,1.7452670226177671
1787867804500,5.0,11,0.07236779999999998,0.06695525454545452,0.0,okxUP+pmDOWN,195.5,2.6548201555836526
1787867811500,41.0,81,0.1160622,0.07769714320987656,0.0,okxUP+pmDOWN,188.5,2.658176175915035
1787867854500,4.0,9,0.06204300000000007,0.04935640000000009,0.0,okxUP+pmDOWN,145.5,3.0555972637219075
1787867863500,17.5,35,0.09309520000000016,0.061425737142857186,0.0,okxUP+pmDOWN,136.5,4.255984805619707
1787867883500,22.0,44,0.06515819999999994,0.02981498036363636,0.0,okxUP+pmDOWN,116.5,4.257450568819314
1787868127001,0.999,3,0.040895000000000126,0.03385966666666677,0.0,okxUP+pmDOWN,172.999,9.133939950566948
1787868147001,2.999,7,0.0062670000000000226,0.0062670000000000226,0.0,okxUP+pmDOWN,152.999,7.187931582716261
1787868153500,5.0,10,0.027583000000000024,0.010530200000000023,0.0,okxUP+pmDOWN,146.5,8.48625174553144
1787868414001,0.0,1,0.030087799999999998,0.030087799999999998,0.0,okxUP+pmDOWN,185.999,0.3868820741603168
1787868995500,28.5,58,0.03569279999999986,0.015774772413793166,0.0,okxUP+pmDOWN,204.5,13.051843257039502
1787869026001,0.0,1,0.00015464799999997947,0.00015464799999997947,0.0,okxUP+pmDOWN,173.999,14.860778605536002
1787869978000,29.0,56,0.22940280000000002,0.13005112857142856,0.0,okxUP+pmDOWN,122.0,1.6126549766421232
1787870008501,1.999,5,0.05298300000000011,0.029622200000000043,0.0,okxUP+pmDOWN,91.499,4.4075684414270855
1787870035500,3.0,5,0.06515819999999994,0.056007999999999926,0.0,okxUP+pmDOWN,64.5,6.370034748590383
1787870136501,2.499,5,0.03242780000000012,0.020374360000000057,0.0,okxUP+pmDOWN,263.499,-3.728988842415657
1787870190500,0.0,1,0.006122799999999873,0.006122799999999873,0.0,okxUP+pmDOWN,209.5,-5.9951801008544
1787870192500,0.511,2,0.028268800000000094,0.018106000000000066,0.0,okxUP+pmDOWN,207.5,-5.995603159006612
1787870431001,2.999,7,0.2079430000000001,0.2021630571428572,0.0,okxUP+pmDOWN,268.999,-4.954460257226603
1787870439501,30.999000000000002,59,0.30889979999999995,0.22712837627118646,0.0,okxUP+pmDOWN,260.499,-4.9851165260493815
1787870474501,19.499,38,0.3594280000000001,0.31640586315789476,0.0,okxUP+pmDOWN,225.499,-7.01445967806174
1787870502000,2.5,6,0.2280549999999999,0.21970143333333328,0.0,okxUP+pmDOWN,198.0,-6.68738796378754
1787870507000,1.5,4,0.24840300000000004,0.24083415000000005,0.0,okxUP+pmDOWN,193.0,-6.694486967648963
1787870510500,24.5,48,0.2989132,0.23235934583333331,0.0,okxUP+pmDOWN,189.5,-6.838693257970501
1787870537000,58.5,111,0.41877580000000003,0.24471326126126125,0.0,okxUP+pmDOWN,163.0,-6.14459974662391
1787870599001,0.499,2,0.04469499999999993,0.04469499999999993,0.0,okxUP+pmDOWN,100.999,1.9014976905996508
1787870604500,3.0,7,0.045510199999999945,0.04399062857142851,0.0,okxUP+pmDOWN,95.5,3.0669847458723107
1787870612500,4.5,10,0.17353679999999994,0.1378131999999999,0.0,okxUP+pmDOWN,87.5,3.42100996684625
1787870619000,7.0,15,0.12582300000000002,0.10559326666666667,0.0,okxUP+pmDOWN,81.0,2.6056515671948945
1787870872000,3.501,7,0.00958619999999999,0.00958619999999999,0.0,okxUP+pmDOWN,128.0,-4.2661824379806355
1787871801001,0.0,1,0.20122319999999994,0.20122319999999994,0.0,okxUP+pmDOWN,98.999,-0.3762612211611983
1787872671501,1.499,4,0.0062670000000000226,0.0062670000000000226,0.0,okxUP+pmDOWN,128.499,8.975474723912933
1787872676000,7.0,15,0.027583000000000024,0.02260693333333338,0.0,okxUP+pmDOWN,124.0,9.719358754905107
1787872865000,3.001,5,0.05611019999999989,0.017782079999999967,0.0,okxUP+pmDOWN,235.0,8.442854339487079
1787872870001,0.499,2,0.15880079999999996,0.14859080000000002,0.0,okxUP+pmDOWN,229.999,8.697960743711628
1787872887500,0.0,1,0.0008812000000000264,0.0008812000000000264,0.0,okxUP+pmDOWN,212.5,2.2082678854747186
1787872901000,3.001,7,0.040581999999999896,0.016954685714285583,0.0,okxUP+pmDOWN,199.0,0.8499792924177971
1787872911500,0.0,1,0.005577199999999949,0.005577199999999949,0.0,okxUP+pmDOWN,188.5,2.0888189678899294
1787872916000,0.5,2,0.09359980000000001,0.07284379999999996,0.0,okxUP+pmDOWN,184.0,3.306214075334418
1787872919000,0.502,2,0.020021999999999873,0.014892499999999864,0.0,okxUP+pmDOWN,181.0,2.8820933495844776
1787872959500,1.0,3,0.0062670000000000226,0.0062670000000000226,0.0,okxUP+pmDOWN,140.5,7.4617001293873475
1787872965000,9.001,19,0.0169180000000001,0.014115105263157974,0.0,okxUP+pmDOWN,135.0,7.775006306227417
1787874085502,0.0,1,0.010435799999999884,0.010435799999999884,0.0,okxUP+pmDOWN,214.498,-0.09278639003017504
1787874614000,0.0,1,0.0005127999999999799,0.0005127999999999799,0.0,okxUP+pmDOWN,286.0,0.0725888039099256
1787875802637,2.364,6,0.05719479999999999,0.0404698,0.0,okxUP+pmDOWN,297.363,0.0
1787875811501,2.999,7,0.0874678000000001,0.03424765714285712,0.0,okxUP+pmDOWN,288.499,-0.8173105556617567
1787876869000,0.501,2,0.0029991999999999797,0.0029991999999999797,0.0,okxUP+pmDOWN,131.0,4.060785333735676
1787876884000,0.0,1,0.05729980000000001,0.05729980000000001,0.0,okxUP+pmDOWN,116.0,8.302525011867889
1787876950000,1.5,3,0.1878208,0.13010786666666663,0.0,okxUP+pmDOWN,50.0,0.7994111246738619
1787876964500,4.0,9,0.012884950000000006,0.010514950000000023,0.0,okxUP+pmDOWN,35.5,3.0013884200757426
1787877050500,1.0,2,0.02069080000000001,0.011384400000000072,0.0,okxUP+pmDOWN,249.5,-3.784946013256207
1787877096001,2.5,6,0.05718520000000005,0.05219570000000001,0.0,okxUP+pmDOWN,203.999,-1.0861882556272278
1787877114001,1.499,4,0.043489200000000006,0.03866770000000003,0.0,okxUP+pmDOWN,185.999,-1.3129676918936664
1787877139500,4.501,10,0.12788219999999995,0.07336979999999999,0.0,okxUP+pmDOWN,160.5,-1.1399957954565554
1787877149000,3.5,6,0.02110079999999992,0.005658633333333311,0.0,okxUP+pmDOWN,151.0,1.611014417055587
1787877167500,2.0,5,0.0296512000000001,0.025441200000000098,0.0,okxUP+pmDOWN,132.5,6.070291088955121
1787877502500,12.5,24,0.07664799999999994,0.07131899999999994,0.0,okxUP+pmDOWN,97.5,7.355221251588257
1787877516501,8.499,17,0.07664799999999994,0.07664799999999994,0.0,okxUP+pmDOWN,83.499,7.39339593714695
1787877642001,0.0,1,0.00850300000000015,0.00850300000000015,0.0,okxUP+pmDOWN,257.999,-2.7035888659943543
1787877644000,2.0,5,0.05223820000000001,0.04042572000000002,0.0,okxUP+pmDOWN,256.0,-2.737163906588866
1787877649001,0.0,1,0.002978799999999948,0.002978799999999948,0.0,okxUP+pmDOWN,250.999,-6.176341862692539
1787877654000,0.0,1,0.0044679999999999165,0.0044679999999999165,0.0,okxUP+pmDOWN,246.0,-7.6378896664960445
1787877663500,0.0,1,0.006711200000000028,0.006711200000000028,0.0,okxUP+pmDOWN,236.5,-7.691710402621518
1787877683000,0.0,1,0.008586800000000117,0.008586800000000117,0.0,okxUP+pmDOWN,217.0,-7.7322881758399795
1787877748002,3.5100000000000002,8,0.004202199999999934,0.004202199999999934,0.0,okxUP+pmDOWN,151.998,-11.30431093641362
1787878005000,2.0,5,0.03335499999999991,0.014620759999999944,0.0,okxUP+pmDOWN,195.0,-7.4377251958998905
1787878043500,9.0,19,0.09527980000000003,0.0405334631578948,0.0,okxUP+pmDOWN,156.5,-4.8379411611360075
1787878107500,15.5,30,0.10718079999999996,0.04578598,0.0,okxUP+pmDOWN,92.5,-8.29474559535185
1787878125009,4.491,8,0.38351999999999997,0.3033827499999999,0.0,okxUP+pmDOWN,74.991,-2.9927012777391035
1787878135500,4.507,10,0.35113420000000006,0.21941882000000001,0.0,okxUP+pmDOWN,64.5,0.1979514582519631
1787878165500,2.5,6,0.5934448,0.5845596333333333,0.0,okxUP+pmDOWN,34.5,0.20223742265052874
1787878604000,3.0,7,0.0062670000000000226,0.0062670000000000226,0.0,okxUP+pmDOWN,196.0,11.337694922227744
1787878919500,6.0,12,0.027583000000000024,0.012481250000000055,0.0,okxUP+pmDOWN,180.5,19.45613201518999
1787878940500,4.0,9,0.0169180000000001,0.013367666666666741,0.0,okxUP+pmDOWN,159.5,21.941030093180267
1787878946500,11.0,23,0.0169180000000001,0.012750217391304417,0.0,okxUP+pmDOWN,153.5,19.812927779573112
1787879174001,0.499,2,0.0008647999999999989,0.0008647999999999989,0.0,okxUP+pmDOWN,225.999,-3.2227512660917137
1787879269000,0.5,2,0.02701920000000002,0.02701920000000002,0.0,okxUP+pmDOWN,131.0,-5.315699287750344
1787879409500,15.001,30,0.07722999999999991,0.0541260733333333,0.0,okxUP+pmDOWN,290.5,-0.29634707608168154
1787879430500,2.531,6,0.02707179999999998,0.020381799999999967,0.0,okxUP+pmDOWN,269.5,-0.09642828105422312
1787879436500,4.0,9,0.06735180000000007,0.04832835555555558,0.0,okxUP+pmDOWN,263.5,-0.4302404963522391
1787879450000,2.0,5,0.027042200000000016,0.01904220000000001,0.0,okxUP+pmDOWN,250.0,-0.3273912419108512
1787879474000,0.0,1,0.19394699999999998,0.19394699999999998,0.0,okxUP+pmDOWN,226.0,-0.733253648981566
1787879480017,0.0,1,0.04826219999999992,0.04826219999999992,0.0,okxUP+pmDOWN,219.983,5.460263454974025
1787879495000,1.0,3,0.02230680000000007,0.015859466666666672,0.0,okxUP+pmDOWN,205.0,-4.206767211812075
1787879598501,0.0,1,0.007430199999999942,0.007430199999999942,0.0,okxUP+pmDOWN,101.499,-4.719231842012995
1787879621000,1.029,2,0.07717079999999998,0.04843499999999995,0.0,okxUP+pmDOWN,79.0,-4.0642378203576754
1787879630000,6.0,11,0.1190427999999999,0.053458709090909065,0.0,okxUP+pmDOWN,70.0,0.2793832368817888
1787879645501,1.5,2,0.008186200000000032,0.00808700000000001,0.0,okxUP+pmDOWN,54.499,-0.060285491321579565
1787880398001,0.499,2,0.03773519999999986,0.022556699999999874,0.0,okxUP+pmDOWN,201.999,4.509737614140998
1787880439500,0.0,1,0.007430199999999942,0.007430199999999942,0.0,okxUP+pmDOWN,160.5,0.5740641608714879
1787880501028,0.0,1,0.013370199999999999,0.013370199999999999,0.0,okxUP+pmDOWN,98.97200000000001,6.0009096711769265
1787880525000,4.5,8,0.049360800000000093,0.020885125000000088,0.0,okxUP+pmDOWN,75.0,8.423821953024582
1787880531001,0.0,1,0.002287000000000039,0.002287000000000039,0.0,okxUP+pmDOWN,68.999,8.2153185750877
1787880797001,0.0,1,0.00015464799999997947,0.00015464799999997947,0.0,okxUP+pmDOWN,102.999,13.866551742118759
1787880837000,0.0,1,0.0071182000000000745,0.0071182000000000745,0.0,okxUP+pmDOWN,63.0,20.174467565673027
1787881293001,3.499,8,0.07719120000000002,0.031124324999999994,0.0,okxUP+pmDOWN,206.999,-5.421286991588583
1787881397000,1.5,4,0.15952920000000004,0.09549825,0.0,okxUP+pmDOWN,103.0,-2.1978066968857632
1787881430501,1.999,4,0.1389142,0.13101345,0.0,okxUP+pmDOWN,69.499,-2.4320439074855322
1787881458501,1.5,2,0.36954700000000007,0.2654411,0.0,okxUP+pmDOWN,41.499,-5.938041837776528
1787881481500,6.501,12,0.7597702,0.70834895,0.0,okxUP+pmDOWN,18.5,-5.825354295805286
1787881839500,2.0,4,0.013862999999999959,0.006322849999999963,0.0,okxUP+pmDOWN,260.5,6.686971999574206
1787881850001,0.999,3,0.002538799999999952,0.002538799999999952,0.0,okxUP+pmDOWN,249.999,6.396321034721222
1787881864000,0.5,2,0.04405080000000006,0.03885130000000003,0.0,okxUP+pmDOWN,236.0,6.55790220129608
1787881880500,0.501,2,0.02832380000000001,0.02832380000000001,0.0,okxUP+pmDOWN,219.5,2.4429379968795244
1787882138000,1.5010000000000001,3,0.1102278000000001,0.059538266666666693,0.0,okxUP+pmDOWN,262.0,3.6810512172870142
1787882498500,0.0,1,0.04880220000000013,0.04880220000000013,0.0,okxUP+pmDOWN,201.5,-5.181964471713852
1787882937000,19.001,39,0.20055120000000004,0.12618962051282048,0.0,okxUP+pmDOWN,63.0,-5.144937089994637
1787882959000,0.5,2,0.015139799999999926,0.014870999999999968,0.0,okxUP+pmDOWN,41.0,-7.154532632433638
1787883112500,1.0010000000000001,3,0.023225199999999946,0.009727599999999947,0.0,okxUP+pmDOWN,187.5,-9.545862798625697
1787883116000,0.5,2,0.005001200000000039,0.005001200000000039,0.0,okxUP+pmDOWN,184.0,-10.093763506040645
1787883700000,2.5,5,0.017035200000000028,0.00903632000000001,0.0,okxUP+pmDOWN,200.0,-4.450582019404214
1787883704521,0.0,1,0.007563000000000097,0.007563000000000097,0.0,okxUP+pmDOWN,195.479,-4.5511310051444305
1787883726000,0.0,1,0.0044679999999999165,0.0044679999999999165,0.0,okxUP+pmDOWN,174.0,-10.702147335342582
1787883762500,4.0,9,0.07442700000000002,0.024263022222222246,0.0,okxUP+pmDOWN,137.5,-5.642505665455826
1787883768500,0.0,1,0.017474199999999995,0.017474199999999995,0.0,okxUP+pmDOWN,131.5,-12.6682997287788
1787883961538,1.465,4,0.1855232,0.17767144999999995,0.0,okxUP+pmDOWN,238.46200000000002,4.657513477191195
1787884095500,7.5,14,0.15156619999999998,0.06836109999999994,0.0,okxUP+pmDOWN,104.5,-8.78637984883239
1787884110501,18.999,39,0.16297680000000003,0.07811807692307693,0.0,okxUP+pmDOWN,89.499,-9.103342550388247
1787884431500,0.0,1,0.0070085019999999165,0.0070085019999999165,0.0,okxUP+pmDOWN,68.5,11.09941877311996
1787884434000,0.0,1,0.0071182000000000745,0.0071182000000000745,0.0,okxUP+pmDOWN,66.0,11.083478737447836
1787884662500,2.001,5,0.03569279999999986,0.027183199999999852,0.0,okxUP+pmDOWN,137.5,9.251985934236242
1787884666500,4.501,10,0.03569279999999986,0.033565399999999856,0.0,okxUP+pmDOWN,133.5,9.871897899967024
1787884673500,1.5,4,0.03569279999999986,0.03569279999999986,0.0,okxUP+pmDOWN,126.5,10.384820341001141
1787884676501,4.499,10,0.0169180000000001,0.014787800000000084,0.0,okxUP+pmDOWN,123.49900000000001,10.542737654538406
1787884683501,5.9990000000000006,12,0.00015464799999997947,0.00015464799999997947,0.0,okxUP+pmDOWN,116.49900000000001,10.228437480201233
1787885238000,6.5,14,0.027583000000000135,0.013875857142857217,0.0,pmUP+okxDOWN,162.0,-17.460457095245282
1787885253000,4.0,7,0.0062670000000000226,0.006148028571428599,0.0,pmUP+okxDOWN,147.0,-24.873566487127437
1787885260000,1.5010000000000001,4,0.0062670000000000226,0.0062670000000000226,0.0,pmUP+okxDOWN,140.0,-19.794891831672167
1787885451500,1.0,3,0.01219020000000004,0.00896653333333334,0.0,okxUP+pmDOWN,248.5,-10.96889850590107
1787885479000,2.0,5,0.04211280000000006,0.016419640000000003,0.0,okxUP+pmDOWN,221.0,-8.700341215016127
1787885500500,11.501,21,0.04301199999999994,0.01533613333333331,0.0,okxUP+pmDOWN,199.5,-8.463046141617484
1787885514000,0.5,2,0.034355799999999936,0.019954299999999925,0.0,okxUP+pmDOWN,186.0,-12.529683743514699
1787885517000,0.0,1,0.009248800000000057,0.009248800000000057,0.0,okxUP+pmDOWN,183.0,-12.375467650103586
1787885520501,1.0030000000000001,3,0.015139799999999926,0.015139799999999926,0.0,okxUP+pmDOWN,179.499,-17.765914996953295
1787885527500,1.5,4,0.0162701999999999,0.0135897499999999,0.0,okxUP+pmDOWN,172.5,-15.2357514754355
1787885532000,12.5,24,0.05518299999999998,0.02938344166666668,0.0,okxUP+pmDOWN,168.0,-14.769852248290427
1787885567000,4.001,9,0.138942,0.07995315555555554,0.0,okxUP+pmDOWN,133.0,-5.19759399721524
1787885600500,8.5,18,0.14141879999999996,0.06456585555555559,0.0,okxUP+pmDOWN,99.5,-4.7490447128877395
1787885737011,0.0,1,0.01747199999999982,0.01747199999999982,0.0,okxUP+pmDOWN,262.98900000000003,-0.212174220662984
1787885739003,0.0,1,0.01747199999999982,0.01747199999999982,0.0,okxUP+pmDOWN,260.997,-1.4563297452820183
1787885746000,3.0,7,0.03756879999999996,0.023170399999999942,0.0,okxUP+pmDOWN,254.0,-1.4907766853526034
1787885751000,2.5,4,0.019993200000000044,0.01739145000000003,0.0,okxUP+pmDOWN,249.0,-1.8606361029380682
1787885760500,1.0050000000000001,2,0.0012507999999999964,0.0010577999999999976,0.0,okxUP+pmDOWN,239.5,-5.312588701855451
1787885819500,2.0,5,0.10750300000000002,0.09134619999999993,0.0,okxUP+pmDOWN,180.5,-0.6853382848844506
1787885825500,4.501,10,0.04806299999999997,0.030682739999999986,0.0,okxUP+pmDOWN,174.5,0.025473634183255746
1787885855501,0.999,3,0.04725419999999991,0.04389519999999991,0.0,okxUP+pmDOWN,144.499,-3.276335526522408
1787886332001,1.999,5,0.11443979999999987,0.11027179999999989,0.0,okxUP+pmDOWN,267.999,5.601858983653912
1787886415000,3.0,6,0.08099279999999986,0.07632149999999993,0.0,okxUP+pmDOWN,185.0,-7.66621100378787
1787886423012,0.489,2,0.02717499999999995,0.022143499999999983,0.0,okxUP+pmDOWN,176.988,-7.688664700592925
1787886438024,0.976,3,0.0782027999999999,0.06129113333333328,0.0,okxUP+pmDOWN,161.976,-6.259918362520138
1787886473500,7.0,15,0.18127000000000004,0.15929810666666666,0.0,okxUP+pmDOWN,126.5,-5.924392252980009
1787886487500,8.5,18,0.19180379999999997,0.07108977777777772,0.0,okxUP+pmDOWN,112.5,-6.155879059299868
1787886498000,1.0,3,0.09474379999999993,0.08191446666666657,0.0,okxUP+pmDOWN,102.0,-8.344441922332424
1787886502500,3.0,7,0.06589879999999992,0.05857505714285708,0.0,okxUP+pmDOWN,97.5,-8.360654208985707
1787886532501,12.499,25,0.20236920000000003,0.11830452000000005,0.0,okxUP+pmDOWN,67.499,-7.0500191371026615
1787886693500,0.5,2,0.06729419999999997,0.06729419999999997,0.0,okxUP+pmDOWN,206.5,-4.70334489675683
1787886709500,0.5,2,0.04847980000000007,0.038297800000000104,0.0,okxUP+pmDOWN,190.5,-3.968360301080202
1787886726500,0.5,2,0.00734480000000004,0.00734480000000004,0.0,okxUP+pmDOWN,173.5,8.067238237527508
1787886728525,0.47500000000000003,2,0.018467800000000034,0.013219300000000045,0.0,okxUP+pmDOWN,171.475,8.057827812933786
1787886731500,2.0,5,0.05669579999999996,0.03787119999999997,0.0,okxUP+pmDOWN,168.5,8.210463444529102
1787886742500,4.001,9,0.03569279999999986,0.020193755555555568,0.0,okxUP+pmDOWN,157.5,10.976483068671712
1787886764000,1.5,4,0.027583000000000024,0.027583000000000024,0.0,okxUP+pmDOWN,136.0,18.319027688961427
1787886773000,7.5,14,0.1061397999999999,0.031189542857142896,0.0,okxUP+pmDOWN,127.0,19.37039622666493
1787887395001,3.999,9,0.1172358,0.10263095555555554,0.0,okxUP+pmDOWN,104.999,1.6523458586287387
1787887833500,0.0,1,0.021497200000000105,0.021497200000000105,0.0,okxUP+pmDOWN,266.5,2.899920317451945
1787888242501,0.999,3,0.037241199999999974,0.023982533333333295,0.0,okxUP+pmDOWN,157.499,-5.000543613085522
1787888264500,2.0,3,0.02841019999999994,0.028272866666666657,0.0,okxUP+pmDOWN,135.5,-2.0222090297416955
1787888313000,0.0,1,0.07606380000000001,0.07606380000000001,0.0,okxUP+pmDOWN,87.0,-4.105183062445649
1787888594000,1.0,3,0.154663,0.1477023333333333,0.0,okxUP+pmDOWN,106.0,-3.764363009273289
1787888631501,4.499,10,0.19942800000000005,0.1286064399999999,0.0,okxUP+pmDOWN,68.499,-2.0406200395264587
1787888644000,3.501,8,0.11100299999999996,0.043999275000000004,0.0,okxUP+pmDOWN,56.0,-3.5479128270411713
1787889225500,0.5,2,0.01286799999999999,0.01286799999999999,0.0,okxUP+pmDOWN,74.5,0.011277430041819952
1787889395001,0.504,2,0.012635799999999975,0.012635799999999975,0.0,okxUP+pmDOWN,204.999,-5.508379480015871
1787889956500,0.511,2,0.15156619999999998,0.09829869999999996,0.0,okxUP+pmDOWN,243.5,-0.5368287565079073
1787890323007,6.993,15,0.027583000000000024,0.011950333333333367,0.0,okxUP+pmDOWN,176.993,14.357445189584853
1787890332500,2.0,5,0.027583000000000024,0.027583000000000024,0.0,okxUP+pmDOWN,167.5,15.66819239852044
1787890988001,6.4990000000000006,14,0.2992528,0.24212038571428574,0.0,okxUP+pmDOWN,111.99900000000001,-4.52030467328308
1787892136501,8.499,18,0.0062670000000000226,0.0062670000000000226,0.0,okxUP+pmDOWN,163.499,10.03102759159483
1787892156500,6.5,14,0.027583000000000024,0.027583000000000024,0.0,okxUP+pmDOWN,143.5,11.265803104838591
1787892407500,0.0,1,0.053951800000000105,0.053951800000000105,0.0,okxUP+pmDOWN,192.5,4.309133632883161
1787892413082,0.0,1,0.06889980000000007,0.06889980000000007,0.0,okxUP+pmDOWN,186.918,2.927631241446663
1787893995000,1.0,3,0.12125200000000014,0.10408366666666675,0.0,pmUP+okxDOWN,105.0,1.4164947610749365
1787894232500,0.0,1,0.009163799999999833,0.009163799999999833,0.0,okxUP+pmDOWN,167.5,0.7220439220011099
1787894929500,0.0,1,0.07664799999999994,0.07664799999999994,0.0,okxUP+pmDOWN,70.5,2.9092085257147238
1787895100000,1.5,4,0.004490800000000017,0.004490800000000017,0.0,okxUP+pmDOWN,200.0,0.05671971509931717
1787895104000,0.0,1,0.004490800000000017,0.004490800000000017,0.0,okxUP+pmDOWN,196.0,0.05671971509931717
1787895121001,3.5,8,0.03577180000000002,0.02925317500000002,0.0,okxUP+pmDOWN,178.999,1.0525310847750058
1787895126500,2.5,6,0.09871180000000002,0.08294296666666666,0.0,okxUP+pmDOWN,173.5,1.7112814704756496
1787895188000,5.5,10,0.00015464799999997947,0.00015464799999997947,0.0,okxUP+pmDOWN,112.0,4.4897877836865465
1787895465000,10.5,22,0.0062670000000000226,0.0062670000000000226,0.0,okxUP+pmDOWN,135.0,4.041853789624438
1787895479500,2.001,5,0.02672220000000003,0.022800520000000057,0.0,okxUP+pmDOWN,120.5,6.53565372991663
1787895509001,4.499,10,0.02672220000000003,0.024592000000000013,0.0,okxUP+pmDOWN,90.999,4.428224663443982
1787895937500,1.5,2,0.02705500000000005,0.022045900000000007,0.0,okxUP+pmDOWN,262.5,-1.4234332741670885
1787896289501,0.0,1,0.05223820000000001,0.05223820000000001,0.0,okxUP+pmDOWN,210.499,-6.0171465662940875
1787896377500,0.0,1,0.018751800000000096,0.018751800000000096,0.0,okxUP+pmDOWN,122.5,-5.71032012292929
1787897878001,0.0,1,0.017065200000000003,0.017065200000000003,0.0,okxUP+pmDOWN,121.99900000000001,-0.4065151841116811
1787898132500,3.5,8,0.11100299999999996,0.051551124999999975,0.0,okxUP+pmDOWN,167.5,-5.3419211295248585
1787898697500,0.0,1,0.0070630000000000415,0.0070630000000000415,0.0,okxUP+pmDOWN,202.5,-0.2564305868977168
1787898733500,0.0,1,0.12879419999999997,0.12879419999999997,0.0,okxUP+pmDOWN,166.5,-2.5893152031295847
1787898800000,0.5,2,0.05029020000000006,0.04054220000000003,0.0,okxUP+pmDOWN,100.0,-2.452543403301501
1787898809000,0.0,1,0.017764800000000025,0.017764800000000025,0.0,okxUP+pmDOWN,91.0,-2.307027991195642
1787899242000,0.501,2,0.02528279999999994,0.015702799999999906,0.0,okxUP+pmDOWN,258.0,-6.558263309123393
1787899245500,1.0,3,0.006711200000000028,0.006711200000000028,0.0,okxUP+pmDOWN,254.5,-7.118068427527179
1787899248500,1.0,3,0.006711200000000028,0.006711200000000028,0.0,okxUP+pmDOWN,251.5,-7.432667570041779
1787899254000,2.5,6,0.028268800000000094,0.01356130000000011,0.0,okxUP+pmDOWN,246.0,-7.5258599184314905
1787899278027,0.0,1,0.09074779999999993,0.09074779999999993,0.0,okxUP+pmDOWN,221.973,-3.7705462536256524
1787899357500,0.0,1,0.0044679999999999165,0.0044679999999999165,0.0,okxUP+pmDOWN,142.5,-3.0582776585328597
1787899368500,0.501,2,0.007563000000000097,0.007563000000000097,0.0,okxUP+pmDOWN,131.5,-2.907392457094331
1787899374000,8.001,17,0.027394999999999836,0.01747694117647051,0.0,okxUP+pmDOWN,126.0,-1.9407021768937673
1787899385500,7.0,15,0.13747199999999993,0.0673072666666666,0.0,okxUP+pmDOWN,114.5,-1.6758839515149935
1787899396000,5.5,12,0.208403,0.16530391666666666,0.0,okxUP+pmDOWN,104.0,-0.6999997920902319
1787899671500,10.024000000000001,21,0.0062670000000000226,0.0062670000000000226,0.0,okxUP+pmDOWN,128.5,6.651344026875264
1787899873002,0.0,1,0.07913080000000017,0.07913080000000017,0.0,okxUP+pmDOWN,226.99800000000002,4.198189076556061
1787900054501,0.0,1,0.037387199999999954,0.037387199999999954,0.0,okxUP+pmDOWN,45.499,2.422350227239645
1787901147000,5.5,11,0.08002000000000009,0.05673240000000006,0.0,okxUP+pmDOWN,153.0,1.002475896677317
1787902032500,13.0,27,0.027583000000000024,0.009424407407407435,0.0,okxUP+pmDOWN,167.5,7.368228542085533
1787902273000,2.501,6,0.14265119999999998,0.03634573333333335,0.0,okxUP+pmDOWN,227.0,-1.137071119512292
1787902279500,0.5,2,0.006711200000000028,0.006711200000000028,0.0,okxUP+pmDOWN,220.5,-4.127489167948591
1787902540000,2.0,4,0.017112000000000016,0.012087500000000029,0.0,okxUP+pmDOWN,260.0,0.6655655826907118
1787902559500,0.0,1,0.0070630000000000415,0.0070630000000000415,0.0,okxUP+pmDOWN,240.5,0.947629387843739
1787902591001,2.999,5,0.04449879999999995,0.015769200000000084,0.0,okxUP+pmDOWN,208.999,0.3935152205563008
1787903259500,0.0,1,0.014432799999999912,0.014432799999999912,0.0,okxUP+pmDOWN,140.5,8.863087486816429
1787903477000,0.0,1,0.01717079999999993,0.01717079999999993,0.0,okxUP+pmDOWN,223.0,-1.7363229148700723
1787903636500,1.5,4,0.07994999999999997,0.04824625000000002,0.0,okxUP+pmDOWN,63.5,-2.9950218340263204
1787903745001,0.499,2,0.1109230000000001,0.06475750000000008,0.0,okxUP+pmDOWN,254.999,-2.77015936010989
1787904167001,15.503,31,0.0062670000000000226,0.00593581535483873,0.0,okxUP+pmDOWN,132.999,6.597725857361021
1787905037000,1.0,2,0.05146200000000012,0.02880500000000008,0.0,okxUP+pmDOWN,163.0,9.705350843303185
1787905059001,11.499,24,0.02672220000000003,0.02184049166666666,0.0,okxUP+pmDOWN,140.999,7.729312498198078
1787905334500,8.5,18,0.052683000000000035,0.03412039999999999,0.0,okxUP+pmDOWN,165.5,-2.3206745138381133
1787905363500,1.0,3,0.0020780000000001353,0.0020780000000001353,0.0,okxUP+pmDOWN,136.5,-2.3290573391603338
1787905367000,1.0,3,0.12775499999999995,0.08098313333333329,0.0,okxUP+pmDOWN,133.0,-2.3309418058485414
1787905371000,0.5,2,0.28862699999999997,0.278557,0.0,okxUP+pmDOWN,129.0,-0.6831540936467183
1787905837500,1.5,3,0.017609200000000103,0.014216200000000012,0.0,pmUP+okxDOWN,262.5,0.05353469723842551
1787905840501,0.0,1,0.007430199999999831,0.007430199999999831,0.0,pmUP+okxDOWN,259.499,0.7895840633134308
1787906041536,2.464,6,0.0079878000000001,0.0079878000000001,0.0,pmUP+okxDOWN,58.464,-1.2455475754291068
1787906052500,0.0,1,0.0079878000000001,0.0079878000000001,0.0,pmUP+okxDOWN,47.5,-1.1948938949381311
1787906169501,0.0,1,0.00958619999999999,0.00958619999999999,0.0,okxUP+pmDOWN,230.499,-1.8548485527110408
1787906187001,0.5,2,0.04211280000000006,0.03727030000000009,0.0,okxUP+pmDOWN,212.999,-3.1000555867713926
1787906215500,1.0,3,0.021875199999999984,0.018646866666666668,0.0,okxUP+pmDOWN,184.5,-3.6087886314537565
1787906220002,1.998,5,0.0012507999999999964,0.0012507999999999964,0.0,okxUP+pmDOWN,179.998,-3.6013656347005556
1787906228500,4.002,9,0.061524800000000046,0.02437659999999997,0.0,okxUP+pmDOWN,171.5,-3.6198331487651623
1787906268501,6.9990000000000006,13,0.026421999999999946,0.014144430769230741,0.0,okxUP+pmDOWN,131.499,-4.305242837749113
1787906277001,4.999,10,0.02701920000000002,0.021885580000000016,0.0,okxUP+pmDOWN,122.99900000000001,-4.403996501513777
1787906325500,1.5,4,0.10544920000000002,0.07908145,0.0,okxUP+pmDOWN,74.5,-5.308857005629817
1787907045500,1.0,3,0.06785579999999991,0.04423079999999998,0.0,okxUP+pmDOWN,254.5,0.3683328265030136
1787907416000,1.5,4,0.0062670000000000226,0.0062670000000000226,0.0,pmUP+okxDOWN,184.0,-11.77526700420968
1787907426000,6.5,14,0.0169180000000001,0.0169180000000001,0.0,pmUP+okxDOWN,174.0,-13.22924649742876
1787907436500,16.0,33,0.027583000000000135,0.021442545454545568,0.0,pmUP+okxDOWN,163.5,-11.950095528339132
1787907459000,1.5,4,0.0011336379999999924,0.0011336379999999924,0.0,pmUP+okxDOWN,141.0,-11.732407512749424
1787907480500,5.5,12,0.0001546480000000905,0.0001546480000000905,0.0,pmUP+okxDOWN,119.5,-11.085467360128659
1787907499500,2.001,5,0.0001546480000000905,0.0001546480000000905,0.0,pmUP+okxDOWN,100.5,-9.124167692154604
1787907670500,0.0,1,0.01747199999999982,0.01747199999999982,0.0,okxUP+pmDOWN,229.5,-2.05213875776105
1787907673017,0.0,1,0.030087799999999998,0.030087799999999998,0.0,okxUP+pmDOWN,226.983,-2.1865997443792113
1787907680500,0.0,1,0.027998200000000084,0.027998200000000084,0.0,okxUP+pmDOWN,219.5,-3.434953045228172
1787907682501,1.5,4,0.02230680000000007,0.01306460000000001,0.0,okxUP+pmDOWN,217.499,-2.462298711908477
1787907692500,0.0,1,0.0004542000000000712,0.0004542000000000712,0.0,okxUP+pmDOWN,207.5,-7.54859071436255
1787907719500,2.005,5,0.05210199999999998,0.0445444,0.0,okxUP+pmDOWN,180.5,-16.630871498005806
1787908603500,0.5,2,0.021912000000000043,0.021912000000000043,0.0,okxUP+pmDOWN,196.5,2.7852269139529855
1787908657000,10.5,22,0.05298300000000011,0.022396136363636455,0.0,okxUP+pmDOWN,143.0,3.832758244941183
1787908706001,0.0,1,0.014432799999999912,0.014432799999999912,0.0,okxUP+pmDOWN,93.999,4.374166663505473
1787908708500,23.5,47,0.037387199999999954,0.028686604255319104,0.0,okxUP+pmDOWN,91.5,4.577618262549318
1787908863000,3.001,5,0.017764800000000025,0.011836200000000009,0.0,okxUP+pmDOWN,237.0,-1.1950906143015396
1787908959500,0.0,1,0.025843199999999955,0.025843199999999955,0.0,okxUP+pmDOWN,140.5,-0.9798308404561419
1787909140500,2.0,5,0.117622,0.10561768,0.0,okxUP+pmDOWN,259.5,-0.969445864676222
1787909144500,20.5,41,0.1575468,0.10927082439024388,0.0,okxUP+pmDOWN,255.5,-1.2351917036617315
1787909178500,3.0,7,0.09813720000000015,0.08805957142857157,0.0,okxUP+pmDOWN,221.5,-3.1831678213653505
1787909183501,17.999,36,0.19783800000000007,0.12275760555555558,0.0,okxUP+pmDOWN,216.499,-3.2100935517464437
1787909206000,2.001,5,0.1383167999999999,0.1383167999999999,0.0,okxUP+pmDOWN,194.0,-2.564971537109179
1787909211000,23.0,46,0.17809279999999994,0.08118457391304344,0.0,okxUP+pmDOWN,189.0,-2.699935463976205
1787909263000,1.5010000000000001,4,0.002647799999999978,0.002647799999999978,0.0,okxUP+pmDOWN,137.0,-6.635370317399854
1787909283500,2.0,4,0.012080800000000003,0.00736429999999999,0.0,okxUP+pmDOWN,116.5,-7.865078394282309
1787909651000,0.5,2,0.029058199999999923,0.029058199999999923,0.0,okxUP+pmDOWN,49.0,0.4700210302284208
1787909663000,7.0,12,0.11393580000000003,0.04953490000000003,0.0,okxUP+pmDOWN,37.0,1.1462612171569175
1787909731001,0.499,2,0.039856799999999915,0.03480949999999994,0.0,okxUP+pmDOWN,268.999,-1.3413238626365165
1787909742500,1.5,4,0.031175000000000064,0.0205804,0.0,okxUP+pmDOWN,257.5,-2.5005806807844144
1787909746000,1.5,4,0.009902999999999995,0.009902999999999995,0.0,okxUP+pmDOWN,254.0,-3.1206916930548316
1787909752000,9.501,18,0.028643799999999997,0.012712077777777732,0.0,okxUP+pmDOWN,248.0,-3.289477242314518
1787909779500,1.0,3,0.027659800000000012,0.017769466666666678,0.0,okxUP+pmDOWN,220.5,-3.66645971200023
1787909782500,4.5,9,0.018818799999999913,0.013014511111111158,0.0,okxUP+pmDOWN,217.5,-3.28411045466839
1787909790500,2.5,6,0.051811800000000074,0.01717300000000001,0.0,okxUP+pmDOWN,209.5,-3.3053699815571838
1787909795501,0.499,2,0.0034568000000000376,0.0034568000000000376,0.0,okxUP+pmDOWN,204.499,-4.359551210423132
1787909802001,1.999,5,0.03335499999999991,0.02757199999999993,0.0,okxUP+pmDOWN,197.999,-4.359551210423132
1787909806500,1.0,3,0.0016551999999999678,0.0013855999999999868,0.0,okxUP+pmDOWN,193.5,-4.414209252653936
1787909810500,0.5,2,0.031175000000000064,0.026318500000000078,0.0,okxUP+pmDOWN,189.5,-4.346659833586385
1787909815500,3.0,7,0.010963799999999968,0.010963799999999968,0.0,okxUP+pmDOWN,184.5,-4.348856294974216
1787909821508,2.992,5,0.057118,0.03288868,0.0,okxUP+pmDOWN,178.492,-4.348734577865262
1787909830000,3.501,7,0.0682181999999999,0.035430685714285745,0.0,okxUP+pmDOWN,170.0,-0.30265220236262647
1787909839000,26.5,50,0.1072829999999999,0.05407988799999997,0.0,okxUP+pmDOWN,161.0,-0.31998798120960575
1787909867001,8.5,15,0.08737819999999996,0.05266199999999996,0.0,okxUP+pmDOWN,132.999,-0.994341575332559
1787909880000,3.0,7,0.04211280000000006,0.02335805714285715,0.0,okxUP+pmDOWN,120.0,-3.4411057553900304
1787909887000,9.5,18,0.06236799999999998,0.018680988888888892,0.0,okxUP+pmDOWN,113.0,-4.196674643008067
1787909898501,0.499,2,0.08760699999999999,0.08263849999999995,0.0,okxUP+pmDOWN,101.499,-4.017177504103453
1787909909000,6.0,13,0.1072942,0.061201492307692326,0.0,okxUP+pmDOWN,91.0,-1.7942425025334732
1787909918500,2.501,6,0.04737820000000004,0.035776166666666644,0.0,okxUP+pmDOWN,81.5,-1.0707167865019613
1787909925500,5.001,11,0.09838079999999993,0.02567870909090907,0.0,okxUP+pmDOWN,74.5,-1.1314721587536865
1787909934500,6.5,14,0.2528958,0.14812175714285716,0.0,okxUP+pmDOWN,65.5,-0.20482563041781549
1787909946500,1.5,4,0.12774680000000005,0.09171125,0.0,okxUP+pmDOWN,53.5,0.04946447628604556
1787909956000,5.5,9,0.3322438,0.16575655555555555,0.0,okxUP+pmDOWN,44.0,0.362853712143588
1787909969000,1.0,3,0.2237302,0.20954286666666663,0.0,okxUP+pmDOWN,31.0,-0.12659692349062
1787910166000,0.0,1,0.028268800000000094,0.028268800000000094,0.0,okxUP+pmDOWN,134.0,-4.04493157448017
1787910721000,0.5,2,0.0592222,0.0539597,0.0,okxUP+pmDOWN,179.0,8.746258909051862
1787910724501,2.5,5,0.02832480000000004,0.018613320000000065,0.0,okxUP+pmDOWN,175.499,8.418429478205484
1787910730500,0.0,1,0.00927800000000012,0.00927800000000012,0.0,okxUP+pmDOWN,169.5,7.966382952289013
1787910737000,3.5,7,0.0592222,0.03932860000000005,0.0,okxUP+pmDOWN,163.0,7.772395856212425
1787910755500,0.5,2,0.03328919999999991,0.018556499999999865,0.0,okxUP+pmDOWN,144.5,7.636270115696016
1787910758000,1.5150000000000001,3,0.04161820000000005,0.016952600000000057,0.0,okxUP+pmDOWN,142.0,7.618818515181861
1787910761500,2.5,5,0.014432799999999912,0.008545000000000002,0.0,okxUP+pmDOWN,138.5,7.419317581831688
1787910770000,2.001,5,0.0521992,0.04826343999999998,0.0,okxUP+pmDOWN,130.0,7.41161242846526
1787910776501,0.499,2,0.004619800000000063,0.004619800000000063,0.0,okxUP+pmDOWN,123.49900000000001,7.253731402117208
1787910779000,3.0,5,0.014432799999999912,0.008870759999999955,0.0,okxUP+pmDOWN,121.0,7.248835705436548
1787910794000,5.501,11,0.045510199999999945,0.033920490909090883,0.0,okxUP+pmDOWN,106.0,7.457729088945957
1787911282000,0.0,1,0.08966780000000008,0.08966780000000008,0.0,okxUP+pmDOWN,218.0,3.0991240266831284
1787911332501,0.0,1,0.02841019999999994,0.02841019999999994,0.0,okxUP+pmDOWN,167.499,-0.21507131601554597
1787911355001,0.0,1,0.020103000000000093,0.020103000000000093,0.0,okxUP+pmDOWN,144.999,-3.200006384438003
1787911623501,5.9990000000000006,9,0.05464619999999998,0.016154199999999994,0.0,okxUP+pmDOWN,176.499,-2.630088069212124
1787911830500,0.0,1,0.006711200000000028,0.006711200000000028,0.0,pmUP+okxDOWN,269.5,10.16667466850796
1787912180000,0.0,1,0.04709819999999998,0.04709819999999998,0.0,okxUP+pmDOWN,220.0,0.39981182787053776
1787912756000,0.0,1,0.0070301999999999865,0.0070301999999999865,0.0,okxUP+pmDOWN,244.0,-2.052647715617306
1787912856500,34.0,69,0.027583000000000024,0.011125208811594175,0.0,okxUP+pmDOWN,143.5,5.814516154346736
1787913031500,0.0,1,0.021912000000000043,0.021912000000000043,0.0,okxUP+pmDOWN,268.5,1.739331641605164
1787913098002,3.998,8,0.0643648,0.02956197499999999,0.0,okxUP+pmDOWN,201.998,6.110155761782858
1787913162500,4.5,8,0.0062670000000000226,0.0062670000000000226,0.0,okxUP+pmDOWN,137.5,6.777957788361379
1787913174001,1.499,3,0.0062670000000000226,0.0062670000000000226,0.0,okxUP+pmDOWN,125.99900000000001,6.72005975369843
1787913181000,0.504,2,0.02425020000000011,0.018945700000000065,0.0,okxUP+pmDOWN,119.0,5.894759282482017
1787913193500,2.0,5,0.00015464799999997947,0.00015464799999997947,0.0,okxUP+pmDOWN,106.5,6.867423552017537
1787913508500,2.001,4,0.02279680000000006,0.013799050000000035,0.0,okxUP+pmDOWN,91.5,1.105099848486187
1787913525000,0.5,2,0.0012680000000000469,0.0010746000000000366,0.0,okxUP+pmDOWN,75.0,0.3111516762798258
1787913527500,1.0,3,0.13480380000000003,0.045043133333333284,0.0,okxUP+pmDOWN,72.5,0.3178871110797572
1787913532500,3.511,7,0.01782780000000006,0.011250000000000062,0.0,okxUP+pmDOWN,67.5,0.728191316372971
1787913639501,0.999,3,0.007807800000000031,0.007807800000000031,0.0,okxUP+pmDOWN,260.499,-0.11275156849354068
1787913653500,2.5,6,0.02855019999999997,0.011580200000000021,0.0,okxUP+pmDOWN,246.5,-0.04142589920744081
1787913658000,6.001,11,0.09934719999999986,0.055974290909090854,0.0,okxUP+pmDOWN,242.0,0.043845555464429364
1787913668500,0.0,1,0.0070421999999999985,0.0070421999999999985,0.0,okxUP+pmDOWN,231.5,-1.156926352278084
1787913678500,9.0,19,0.027135799999999932,0.011393610526315776,0.0,okxUP+pmDOWN,221.5,-1.1533107556174997
1787913690500,3.5,7,0.0071421999999999874,0.007091457142857098,0.0,okxUP+pmDOWN,209.5,-1.2088280727926333
1787913707000,0.501,2,0.0071421999999999874,0.0071421999999999874,0.0,okxUP+pmDOWN,193.0,-1.2282468452322333
1787913710000,3.5,8,0.10774780000000006,0.09019955000000002,0.0,okxUP+pmDOWN,190.0,-1.4302108590203686
1787913723009,12.491,26,0.06737979999999999,0.056962469230769204,0.0,okxUP+pmDOWN,176.991,-1.3862950829062834
1787913743000,40.5,79,0.1575468,0.07877504303797465,0.0,okxUP+pmDOWN,157.0,-1.8720765658688483
1787913789500,44.0,87,0.2085501999999999,0.15746681379310343,0.0,okxUP+pmDOWN,110.5,-1.37633424549796
1787913841000,12.0,22,0.12152079999999998,0.034223045454545485,0.0,okxUP+pmDOWN,59.0,-1.563186000927413
1787914359500,0.501,2,0.021912000000000043,0.021912000000000043,0.0,pmUP+okxDOWN,140.5,-3.9270745304389543
1787915173502,0.998,3,0.0754997999999999,0.046771466666666685,0.0,okxUP+pmDOWN,226.49800000000002,-3.781213743849019
1787915510000,0.0,1,0.029958199999999935,0.029958199999999935,0.0,pmUP+okxDOWN,190.0,-0.4823562415436722
1787915533500,0.0,1,0.006148000000000042,0.006148000000000042,0.0,pmUP+okxDOWN,166.5,-3.070665171358509
1787915573001,0.0,1,0.010090199999999938,0.010090199999999938,0.0,pmUP+okxDOWN,126.99900000000001,-0.7305860391629238
1787915580005,6.495,13,0.020363200000000026,0.012856169230769189,0.0,pmUP+okxDOWN,119.995,-0.7683672702402263
1787915591500,1.0010000000000001,2,0.02717500000000006,0.022143500000000038,0.0,pmUP+okxDOWN,108.5,-0.6221965210643379
1787915603500,1.0,3,0.027254200000000006,0.023895200000000005,0.0,pmUP+okxDOWN,96.5,0.026928965602976546
1787915608000,2.5,6,0.027518199999999937,0.01591196666666674,0.0,pmUP+okxDOWN,92.0,0.5107050455833069
1787915614000,1.0010000000000001,3,0.0607551999999999,0.041305866666666614,0.0,pmUP+okxDOWN,86.0,0.7603146408162623
1787915617000,0.0,1,0.0012507999999999964,0.0012507999999999964,0.0,pmUP+okxDOWN,83.0,1.2965384681155463
1787915619500,2.0,5,0.035995,0.03396463999999999,0.0,pmUP+okxDOWN,80.5,1.5046325780440004
1787915631000,0.0,1,0.018751800000000096,0.018751800000000096,0.0,pmUP+okxDOWN,69.0,2.109352943804419
1787915795000,7.0,15,0.057708799999999894,0.046234999999999936,0.0,pmUP+okxDOWN,205.0,0.8535167700124946
1787915918501,4.999,11,0.037387200000000065,0.023819927272727272,0.0,pmUP+okxDOWN,81.499,-2.2072842983449994
1787915930000,9.001,19,0.037387200000000065,0.02504414736842106,0.0,pmUP+okxDOWN,70.0,-4.499267280399524
1787915942101,0.4,2,0.01778320000000011,0.012450700000000092,0.0,pmUP+okxDOWN,57.899,-3.67442459166494
1787915966000,1.0,3,0.549262,0.5176916666666668,0.0,pmUP+okxDOWN,34.0,-0.8566665023241853
1787915969000,1.0,3,0.5320701999999999,0.3561992,0.0,pmUP+okxDOWN,31.0,0.16056504719674658
1787916487500,7.001,15,0.0001546480000000905,0.0001546480000000905,0.0,pmUP+okxDOWN,112.5,-7.798173779138667
1787916931500,2.001,5,0.006737199999999888,0.006737199999999888,0.0,pmUP+okxDOWN,268.5,-5.737314183351129
1787916935500,4.0,7,0.03818619999999995,0.017920485714285745,0.0,pmUP+okxDOWN,264.5,-5.741725601045987
1787916963174,1.826,5,0.02346300000000001,0.012870800000000005,0.0,pmUP+okxDOWN,236.826,-7.467514378005691
1787916971502,0.498,2,0.03407199999999999,0.03407199999999999,0.0,pmUP+okxDOWN,228.49800000000002,-9.269363702944672
1787916976500,10.5,22,0.02672220000000003,0.016561063636363667,0.0,pmUP+okxDOWN,223.5,-9.295450506042846
1787916989122,34.878,70,0.046343799999999935,0.026389705714285772,0.0,pmUP+okxDOWN,210.87800000000001,-10.362625100224042
1787917026000,4.0,9,0.07116280000000008,0.040867866666666655,0.0,pmUP+okxDOWN,174.0,-7.0115899159576935
1787917036000,2.001,5,0.02028302999999998,0.017951947999999975,0.0,pmUP+okxDOWN,164.0,-5.338040867544174
1787917040515,1.985,4,0.007331470000000118,0.006093970000000004,0.0,pmUP+okxDOWN,159.485,-5.216168911807972
1787917047000,33.5,66,0.046815280000000126,0.026769103181818285,0.0,pmUP+okxDOWN,153.0,-6.582729120188681
1787917085500,32.001,64,0.012971127999999998,0.0065063654375000675,0.0,pmUP+okxDOWN,114.5,-10.17778129757569
1787917146500,3.0,7,0.0007944780000000984,0.0007944780000000984,0.0,pmUP+okxDOWN,53.5,-12.033125312113949
1787917151500,6.5,14,0.0007944780000000984,0.0007944780000000984,0.0,pmUP+okxDOWN,48.5,-12.902540927662757
1787917163500,0.5,2,0.011556592000000032,0.008621140000000027,0.0,pmUP+okxDOWN,36.5,-12.803725376693382
1787917169000,1.0,3,0.056619480000000055,0.05335141333333341,0.0,pmUP+okxDOWN,31.0,-13.399326415395985
1787917275500,0.5,2,0.027394999999999947,0.02721859999999998,0.0,pmUP+okxDOWN,224.5,0.03644258115802133
1787917647500,0.0,1,0.020363199999999915,0.020363199999999915,0.0,okxUP+pmDOWN,152.5,2.6051760103364314
1787917747501,5.5,9,0.005434199999999945,0.004625933333333276,0.0,okxUP+pmDOWN,52.499,1.0356729309335033
1787917755501,2.999,5,0.19493979999999989,0.09237195999999995,0.0,okxUP+pmDOWN,44.499,1.0593245057187473
1787917847001,0.5,2,0.0012680000000000469,0.0012680000000000469,0.0,pmUP+okxDOWN,252.999,-3.0277043835408426
1787917875501,1.5,4,0.01286799999999999,0.004932250000000027,0.0,pmUP+okxDOWN,224.499,-4.55587695901888
1787918435500,1.5,4,0.015139799999999926,0.012605149999999954,0.0,okxUP+pmDOWN,264.5,-1.2760361827188023
1787918526001,0.0,1,0.04133880000000001,0.04133880000000001,0.0,okxUP+pmDOWN,173.999,2.0442962372390823
1787918533000,0.0,1,0.06721019999999989,0.06721019999999989,0.0,okxUP+pmDOWN,167.0,1.395653474758301
1787918536001,0.499,2,0.0071421999999999874,0.0071421999999999874,0.0,okxUP+pmDOWN,163.999,1.2159620682044179
1787918662000,3.5,7,0.014432799999999912,0.00814960000000001,0.0,okxUP+pmDOWN,38.0,1.2194987134938897
1787918668500,5.0,11,0.037387199999999954,0.009319678727272695,0.0,okxUP+pmDOWN,31.5,1.1631379526007146
1787918737500,0.0,1,0.016863000000000072,0.016863000000000072,0.0,pmUP+okxDOWN,262.5,2.1681496426916134
1787918739001,0.0,1,0.008586800000000006,0.008586800000000006,0.0,pmUP+okxDOWN,260.999,3.3467585572423566
1787918798506,1.5,2,0.0315742,0.016370600000000013,0.0,pmUP+okxDOWN,201.494,7.415738115644573
1787918942002,0.499,2,0.008967141999999928,0.006300016999999936,0.0,pmUP+okxDOWN,57.998000000000005,-2.8697610021192372
1787918956000,0.5,2,0.0030933880000000302,0.0030933880000000302,0.0,pmUP+okxDOWN,44.0,-5.048839669149536
1787920243000,1.0010000000000001,3,0.012002199999999963,0.012002199999999963,0.0,pmUP+okxDOWN,257.0,-1.8660389663347827
1787920265000,3.5,8,0.11930319999999994,0.08471044999999995,0.0,pmUP+okxDOWN,235.0,-2.471555165100134
1787920275001,20.499,39,0.3734782,0.07698269743589747,0.0,pmUP+okxDOWN,224.999,-2.4718155093054532
1787920299501,33.5,67,0.15113980000000016,0.08781467164179106,0.0,pmUP+okxDOWN,200.499,-2.537144576977355
1787920335000,5.5,11,0.044050799999999946,0.036858072727272664,0.0,pmUP+okxDOWN,165.0,-1.7347700175838072
1787920343500,32.001,65,0.07706219999999997,0.05203219076923073,0.0,pmUP+okxDOWN,156.5,-3.072488450918521
1787920392500,1.0,3,0.02346300000000001,0.02346300000000001,0.0,pmUP+okxDOWN,107.5,-5.0242232765000425
1787920406000,22.0,42,0.1402542,0.05858019047619051,0.0,pmUP+okxDOWN,94.0,-4.2720503924697155
1787920675000,1.5,4,0.0062670000000000226,0.0062670000000000226,0.0,pmUP+okxDOWN,125.0,-6.239372644865881
1787920713000,8.0,17,0.0011336379999999924,0.0011336379999999924,0.0,pmUP+okxDOWN,87.0,-4.3919832445974025
1787920844500,0.501,2,0.004490799999999906,0.004490799999999906,0.0,pmUP+okxDOWN,255.5,-2.3210029286721126
1787920847000,1.5,4,0.09568779999999999,0.055300199999999994,0.0,pmUP+okxDOWN,253.0,-2.994536152208672
1787920850500,0.5,2,0.03634779999999993,0.0314104999999999,0.0,pmUP+okxDOWN,249.5,-3.1808558800077296
1787920888000,3.5,7,0.009959199999999946,0.0055750857142857135,0.0,pmUP+okxDOWN,212.0,-4.614719107847649
1787920923500,2.001,5,0.020498200000000022,0.014035759999999975,0.0,pmUP+okxDOWN,176.5,-5.942698565176125
1787920947500,1.5,4,0.0169180000000001,0.01425525000000008,0.0,pmUP+okxDOWN,152.5,-5.076332187128449
1787920969000,20.0,39,0.14881080000000002,0.0602291333333334,0.0,pmUP+okxDOWN,131.0,-3.9314520888927595
1787920995500,3.5,8,0.008967141999999928,0.008599888749999993,0.0,pmUP+okxDOWN,104.5,-6.435950868985119
1787921011000,3.5,8,0.027583000000000135,0.006521003500000025,0.0,pmUP+okxDOWN,89.0,-9.20348143942072
1787921016501,20.499,41,0.19110680000000002,0.06894934146341465,0.0,pmUP+okxDOWN,83.499,-6.031089922874153
1787921665501,1.499,4,0.04469500000000004,0.031423250000000014,0.0,pmUP+okxDOWN,34.499,-1.1191571564243246
1787921751501,0.0,1,0.05719479999999999,0.05719479999999999,0.0,pmUP+okxDOWN,248.499,2.0270125979941764
1787921820500,0.0,1,0.002538799999999952,0.002538799999999952,0.0,pmUP+okxDOWN,179.5,-0.9378669497148523
1787921879501,1.499,2,0.01219020000000004,0.009846599999999983,0.0,pmUP+okxDOWN,120.49900000000001,-1.4246648829197215
1787921948500,0.5,2,0.004202199999999823,0.004202199999999823,0.0,pmUP+okxDOWN,51.5,2.185462398572031
1787922217501,0.999,3,0.04301200000000005,0.03657400000000003,0.0,pmUP+okxDOWN,82.499,3.8586707471603794
1787922462000,1.524,3,0.02587980000000001,0.02099466666666668,0.0,pmUP+okxDOWN,138.0,-9.00715221464043
1787922465512,1.488,4,0.040190200000000065,0.022099350000000073,0.0,pmUP+okxDOWN,134.488,-9.262465019000658
1787922482021,7.979,14,0.046343799999999935,0.024345952571428513,0.0,pmUP+okxDOWN,117.979,-8.320807229351068
1787922492000,0.5,2,0.016071199999999952,0.016071199999999952,0.0,pmUP+okxDOWN,108.0,-9.221394138900736
1787922497000,6.5,13,0.0471957999999999,0.010177189384615409,0.0,pmUP+okxDOWN,103.0,-8.890191164042909
1787922505001,4.499,10,0.008967141999999928,0.008967141999999928,0.0,pmUP+okxDOWN,94.999,-8.563348777659803
1787922512000,0.0,1,0.008967141999999928,0.008967141999999928,0.0,pmUP+okxDOWN,88.0,-8.652278919148396
1787922660501,3.499,8,0.10504800000000003,0.02586237500000009,0.0,okxUP+pmDOWN,239.499,2.8284328545606927
1787922744000,2.001,5,0.003046199999999999,0.003046199999999999,0.0,okxUP+pmDOWN,156.0,5.953158913075076
1787922752001,3.999,9,0.01364120000000002,0.009859399999999963,0.0,okxUP+pmDOWN,147.999,5.5586745816607745
1787922758500,13.001,26,0.014432799999999912,0.0065790615384615034,0.0,okxUP+pmDOWN,141.5,5.471398432786239
1787922779500,19.5,40,0.008967141999999928,0.005833740399999954,0.0,okxUP+pmDOWN,120.5,5.6734984787862635
1787922802000,2.5,6,0.027583000000000024,0.018695500000000087,0.0,okxUP+pmDOWN,98.0,6.427945364000836
1787922809000,1.5,4,0.01386451199999994,0.00700957999999996,0.0,okxUP+pmDOWN,91.0,5.813280047006758
1787922816500,1.5,4,0.037387199999999954,0.02268749999999997,0.0,okxUP+pmDOWN,83.5,5.787061222658614
1787923830501,0.0,1,0.008071799999999962,0.008071799999999962,0.0,pmUP+okxDOWN,269.499,2.858468405289497
1787923848000,2.0,3,0.03725200000000006,0.03047573333333335,0.0,pmUP+okxDOWN,252.0,0.566291343559484
1787923852001,1.499,4,0.017353199999999958,0.009853749999999939,0.0,pmUP+okxDOWN,247.999,-1.0160693812899055
1787923865500,1.0010000000000001,3,0.03708280000000008,0.033737800000000075,0.0,pmUP+okxDOWN,234.5,0.2940115481417722
1787923869001,0.0,1,0.03724119999999986,0.03724119999999986,0.0,pmUP+okxDOWN,230.999,-0.27959036267016724
1787923875000,2.0,5,0.05973879999999998,0.03861483999999995,0.0,pmUP+okxDOWN,225.0,4.457861010100857
1787923880501,3.0,5,0.0720670000000001,0.04990200000000002,0.0,pmUP+okxDOWN,219.499,7.272639229140919
1787923894500,4.5,10,0.06589879999999992,0.04091069999999993,0.0,pmUP+okxDOWN,205.5,9.774786874738991
1787923901500,7.0,11,0.028268800000000094,0.01519392727272731,0.0,pmUP+okxDOWN,198.5,11.686123490275408
1787923911000,0.5,2,0.009248800000000057,0.009248800000000057,0.0,pmUP+okxDOWN,189.0,13.815023155302521
1787923919000,0.0,1,0.010963799999999968,0.010963799999999968,0.0,pmUP+okxDOWN,181.0,11.082990289391203
1787923923000,2.5,5,0.0716502,0.04527720000000002,0.0,pmUP+okxDOWN,177.0,7.629872994839875
1787923931500,0.0,1,0.010963799999999968,0.010963799999999968,0.0,pmUP+okxDOWN,168.5,6.962750486847711
1787923934500,4.0,9,0.06589879999999992,0.03704439999999998,0.0,pmUP+okxDOWN,165.5,7.230630757422628
1787923942500,2.0,3,0.04673879999999986,0.03400279999999992,0.0,pmUP+okxDOWN,157.5,10.769570353139544
1787923957000,0.0,1,0.015695799999999926,0.015695799999999926,0.0,pmUP+okxDOWN,143.0,8.532114903054136
1787923962500,0.0,1,0.008586800000000006,0.008586800000000006,0.0,pmUP+okxDOWN,137.5,8.345616670088056
1787923965000,0.0,1,0.0011670000000000291,0.0011670000000000291,0.0,pmUP+okxDOWN,135.0,9.031310282916236
1787924290000,1.0,2,0.0001546480000000905,0.0001546480000000905,0.0,pmUP+okxDOWN,110.0,-17.23526385151615
1787924299500,5.001,11,0.0001546480000000905,0.0001546480000000905,0.0,pmUP+okxDOWN,100.5,-16.949491715888165
1787924857000,1.5,4,0.0011336379999999924,0.0011336379999999924,0.0,okxUP+pmDOWN,143.0,17.213496304049126
1787924884500,6.001,13,0.00015464799999997947,0.00015464799999997947,0.0,okxUP+pmDOWN,115.5,14.80496631299787
1787925231500,0.0,1,0.0030917499999999487,0.0030917499999999487,0.0,okxUP+pmDOWN,68.5,14.591720694844776
1787925330000,24.0,46,0.12775499999999995,0.08936705652173912,0.0,okxUP+pmDOWN,270.0,-6.654268260044236
1787925357000,5.502,12,0.14953579999999989,0.07632105000000002,0.0,okxUP+pmDOWN,243.0,-0.9859862942219771
1787925364500,38.0,73,0.1700957999999999,0.09494468767123289,0.0,okxUP+pmDOWN,235.5,-0.24669471050243968
1787925404001,47.499,94,0.21958200000000005,0.15223895744680851,0.0,okxUP+pmDOWN,195.999,-0.25525213361169174
1787925455500,21.501,43,0.19178699999999993,0.1484462511627907,0.0,okxUP+pmDOWN,144.5,-4.00897642769634
1787925480001,3.999,9,0.22480119999999992,0.20693653333333334,0.0,okxUP+pmDOWN,119.99900000000001,1.515057279486952
1787925486164,26.836000000000002,53,0.24205500000000002,0.14366116981132077,0.0,okxUP+pmDOWN,113.836,0.30752140302915887
1787925514501,0.999,3,0.0471957999999999,0.0471957999999999,0.0,okxUP+pmDOWN,85.499,5.746497486191786
1787925608500,1.5010000000000001,4,0.05631179999999991,0.044356049999999925,0.0,okxUP+pmDOWN,291.5,-7.883395246635612
1787925930000,2.5,6,0.04023119999999991,0.031677366666666595,0.0,okxUP+pmDOWN,270.0,9.656014534712503
1787925947000,0.0,1,0.007563000000000097,0.007563000000000097,0.0,okxUP+pmDOWN,253.0,0.055905632342640295
1787926136000,1.0,2,0.027071999999999985,0.021837499999999954,0.0,okxUP+pmDOWN,64.0,10.283159308837512
1787926144500,0.0,1,0.037387199999999954,0.037387199999999954,0.0,okxUP+pmDOWN,55.5,15.336172136847
1787926164500,0.0,1,0.027583000000000024,0.027583000000000024,0.0,okxUP+pmDOWN,35.5,10.818235202946793
1787927036001,0.0,1,0.001546200000000053,0.001546200000000053,0.0,pmUP+okxDOWN,63.999,-14.026955388969908
1787927038021,0.0,1,0.02505579999999996,0.02505579999999996,0.0,pmUP+okxDOWN,61.979,-13.620595653353199
1787927040500,2.061,5,0.0079878000000001,0.0079878000000001,0.0,pmUP+okxDOWN,59.5,-14.481365489088411
1787927130000,1.0050000000000001,3,0.039289200000000024,0.02915673333333339,0.0,okxUP+pmDOWN,270.0,1.1455754787576269
1787927136000,1.0010000000000001,3,0.1109230000000001,0.1040463333333334,0.0,okxUP+pmDOWN,264.0,1.943380038315148
1787927139000,30.0,57,0.11298299999999994,0.0423100947368421,0.0,okxUP+pmDOWN,261.0,3.84406283576195
1787927171000,0.0,1,0.007430199999999942,0.007430199999999942,0.0,okxUP+pmDOWN,229.0,-4.5159301097368365
1787927184000,19.069,39,0.09767519999999996,0.03509749230769233,0.0,okxUP+pmDOWN,216.0,-12.15706679593176
1787927209000,36.503,73,0.11743120000000007,0.043738117808219165,0.0,okxUP+pmDOWN,191.0,-11.629554812060787
1787927247501,10.0,19,0.03384620000000005,0.012101905263157861,0.0,okxUP+pmDOWN,152.499,-17.235018102348395
1787927260001,6.4990000000000006,10,0.05223820000000001,0.01754363999999997,0.0,okxUP+pmDOWN,139.999,-18.885182069562383
1787927269500,0.5,2,0.013099799999999995,0.008278300000000016,0.0,okxUP+pmDOWN,130.5,-18.488741684302536
1787927274002,0.0,1,0.005001200000000039,0.005001200000000039,0.0,okxUP+pmDOWN,125.998,-17.198662028080488
1787927278000,0.585,2,0.005552799999999913,0.005552799999999913,0.0,okxUP+pmDOWN,122.0,-17.828083006159286
1787927281000,0.0,1,0.00395319999999999,0.00395319999999999,0.0,okxUP+pmDOWN,119.0,-17.90266182105548
1787927283500,3.563,7,0.03288219999999997,0.01410025714285712,0.0,okxUP+pmDOWN,116.5,-17.457574579598468
1787927289000,0.0,1,0.007318000000000047,0.007318000000000047,0.0,okxUP+pmDOWN,111.0,-15.625323274902652
1787927317500,9.0,17,0.23909199999999997,0.07737438823529413,0.0,okxUP+pmDOWN,82.5,-17.73634668040126
1787927328500,1.0,3,0.19781079999999995,0.17110679999999998,0.0,okxUP+pmDOWN,71.5,-10.142468038185035
1787927334500,3.5,6,0.3497622,0.2517041666666666,0.0,okxUP+pmDOWN,65.5,-7.411794376022759
1787927341500,22.012,41,0.5650248,0.30495057560975614,0.0,okxUP+pmDOWN,58.5,-5.914469105414256
1787927430000,4.0,9,0.1878198000000001,0.17323817777777778,0.0,okxUP+pmDOWN,270.0,-7.629384129595602
1787927442501,4.499,10,0.20827419999999996,0.15118106000000006,0.0,okxUP+pmDOWN,257.499,-7.956583576268859
1787927452000,43.501,83,0.1998088,0.11677453012048192,0.0,okxUP+pmDOWN,248.0,-10.072890741784711
1787927497500,18.0,37,0.14236920000000008,0.09292336756756756,0.0,okxUP+pmDOWN,202.5,-2.78727954604317
1787927519500,3.001,7,0.031051200000000057,0.015594314285714339,0.0,okxUP+pmDOWN,180.5,7.910001676330567
1787927524500,2.0,5,0.03252480000000002,0.024511120000000018,0.0,okxUP+pmDOWN,175.5,9.878141699182837
1787927530000,43.5,84,0.15457719999999997,0.09071736428571424,0.0,okxUP+pmDOWN,170.0,11.53103437339892
1787927584500,3.501,7,0.0471957999999999,0.0471957999999999,0.0,okxUP+pmDOWN,115.5,17.051050296106244
1787927598502,3.498,8,0.0471957999999999,0.0471957999999999,0.0,okxUP+pmDOWN,101.498,16.517514800402125
1787927605502,4.498,10,0.0471957999999999,0.0471957999999999,0.0,okxUP+pmDOWN,94.498,18.46814373358728
1787927731503,2.997,6,0.11210379999999998,0.06546863333333329,0.0,okxUP+pmDOWN,268.497,4.642768883757314
1787927736001,3.999,8,0.06011679999999997,0.042752799999999966,0.0,okxUP+pmDOWN,263.999,4.80013428873669
1787927750000,0.5,2,0.03829080000000007,0.033022899999999966,0.0,okxUP+pmDOWN,250.0,-1.137166215342663
1787927752001,2.499,4,0.059488000000000096,0.039158700000000074,0.0,okxUP+pmDOWN,247.999,-1.608508584861525
1787927757005,8.995000000000001,16,0.05017179999999988,0.020064249999999978,0.0,okxUP+pmDOWN,242.995,2.1839078284230573
1787927769501,8.999,17,0.07533180000000006,0.04202235294117643,0.0,okxUP+pmDOWN,230.499,11.694020882548573
1787927780001,10.999,23,0.11393580000000003,0.06922254782608697,0.0,okxUP+pmDOWN,219.999,10.752320577529437
1787927796000,14.0,27,0.15572779999999997,0.07701711851851852,0.0,okxUP+pmDOWN,204.0,12.145024444247515
1787927812500,1.0,3,0.08883280000000005,0.08181613333333337,0.0,okxUP+pmDOWN,187.5,12.49486561022292
1787927815500,6.0,9,0.07830780000000004,0.026387800000000072,0.0,okxUP+pmDOWN,184.5,12.983598445704333
1787927824001,0.999,2,0.0521992,0.047279499999999974,0.0,okxUP+pmDOWN,175.999,13.80002371575891
1787927827500,1.0,2,0.06204300000000007,0.032933399999999946,0.0,okxUP+pmDOWN,172.5,16.871479592088832
1787927832000,1.0010000000000001,3,0.03487319999999994,0.03487319999999994,0.0,okxUP+pmDOWN,168.0,17.634510126927864
1787927838003,1.498,4,0.045510199999999945,0.045510199999999945,0.0,okxUP+pmDOWN,161.997,21.260052544123567
1787927842501,9.499,20,0.02672220000000003,0.020839680000000072,0.0,okxUP+pmDOWN,157.499,22.011463072081362
1787927853501,25.501,52,0.027583000000000024,0.010542998730769255,0.0,okxUP+pmDOWN,146.499,23.641965691179575
1787928339012,0.0,1,0.0070198000000000205,0.0070198000000000205,0.0,okxUP+pmDOWN,260.988,1.254630476771422
1787928642000,1.0,3,0.016018199999999982,0.012537866666666639,0.0,okxUP+pmDOWN,258.0,14.499516924331582
1787928655000,0.0,1,0.016602999999999923,0.016602999999999923,0.0,okxUP+pmDOWN,245.0,12.542893208122917
1787928663000,0.0,1,0.019803000000000126,0.019803000000000126,0.0,okxUP+pmDOWN,237.0,17.263823505560673
1787928664504,1.997,4,0.02768919999999997,0.02275959999999999,0.0,okxUP+pmDOWN,235.496,17.565730813469703
1787928670500,0.0,1,0.0008238000000000412,0.0008238000000000412,0.0,okxUP+pmDOWN,229.5,15.95765616047404
1787928715500,20.0,40,0.0169180000000001,0.01132622500000006,0.0,okxUP+pmDOWN,184.5,21.58753971008314
1787928739000,0.5,2,0.014432799999999912,0.014432799999999912,0.0,okxUP+pmDOWN,161.0,19.811813517783992
1787928752500,0.0,1,0.004619800000000063,0.004619800000000063,0.0,okxUP+pmDOWN,147.5,14.450321773948477
1787928758001,0.0,1,0.005434199999999945,0.005434199999999945,0.0,okxUP+pmDOWN,141.999,15.49587036957164
1787928768000,6.5,14,0.027583000000000024,0.016160214285714347,0.0,okxUP+pmDOWN,132.0,14.998168524698984
1787928777500,5.5,12,0.027583000000000024,0.027583000000000024,0.0,okxUP+pmDOWN,122.5,18.812435721334246
1787929021534,0.0,1,0.009959200000000057,0.009959200000000057,0.0,okxUP+pmDOWN,178.466,12.437951729592763
1787929030000,0.0,1,0.00927800000000012,0.00927800000000012,0.0,okxUP+pmDOWN,170.0,12.940988154955653
1787929033000,9.5,17,0.08186999999999989,0.025343341176470562,0.0,okxUP+pmDOWN,167.0,11.568451714019158
1787929047500,0.0,1,0.014903800000000023,0.014903800000000023,0.0,okxUP+pmDOWN,152.5,8.682224256929
1787929049500,1.0,2,0.05446380000000006,0.030305900000000052,0.0,okxUP+pmDOWN,150.5,7.782502512611709
1787929061000,7.5,13,0.10673880000000002,0.05412910769230769,0.0,okxUP+pmDOWN,139.0,10.409538805858991
1787929071000,8.501,17,0.1370422,0.06342694117647062,0.0,okxUP+pmDOWN,129.0,7.747409643391761
1787929082004,6.996,14,0.14280479999999995,0.0595061571428571,0.0,okxUP+pmDOWN,117.99600000000001,5.873680291631417
1787929093500,0.501,2,0.007271799999999939,0.007271799999999939,0.0,okxUP+pmDOWN,106.5,0.8015544778949822
1787929099501,1.499,4,0.03734519999999997,0.0273274,0.0,okxUP+pmDOWN,100.499,-0.3273304034030337
1787929119000,0.0,1,0.09030700000000014,0.09030700000000014,0.0,okxUP+pmDOWN,81.0,0.9278344259620839
1787929124500,7.5,16,0.11129820000000001,0.057035024999999975,0.0,okxUP+pmDOWN,75.5,-1.6020091969578965
1787929145003,6.997,15,0.09630479999999997,0.06896274666666667,0.0,okxUP+pmDOWN,54.997,3.1313203520159276
